,AEC,AECI,AVA,AZPS,BANC,BCHA,BPAT,CHPD,CISO,CPLE,CPLW,DEAA,DOPD,DUK,EEI,EPE,ERCO,FMPP,FPC,FPL,GCPD,GRID,GRIF,GRIS,GRMA,GVL,GWA,HGMA,HQT,HST,IESO,IID,IPCO,ISNE,JEA,LDWP,LGEE,MHEB,MISO,NBSO,NEVP,NEWL,NSB,NWMT,NYIS,OVEC,PACE,PACW,PGE,PJM,PNM,PSCO,PSEI,SC,SCEG,SCL,SEC,SEPA,SOCO,SPA,SRP,SWPP,TAL,TEC,TEPC,TIDC,TPWR,TVA,WACM,WALC,WAUE,WAUW,WWA,YAD
AEC,1.0,0.0,0.0,0.0,0.0,0.0,0.0,0.0,0.0,4.170836119253877e-06,4.447589191603668e-06,0.0,0.0,1.143522281929041e-05,5.3637609859718556e-06,0.0,0.0,9.749569834508677e-06,7.778919652390279e-05,8.132981732819596e-05,0.0,0.0,-0.0,0.0,0.0,1.6617435928372552e-05,-0.0,-0.0,0.0,4.2307404118544895e-05,0.0,0.0,0.0,5.552212502257965e-10,0.0,0.0,2.2981850770955867e-06,0.0,0.0007319703663493855,0.0,0.0,0.0,4.318460765813071e-05,0.0,1.9465199555380763e-08,4.0348520307833184e-07,0.0,0.0,0.0,4.286423328130171e-07,0.0,0.0,0.0,0.00025610622333370204,0.00027863897696407545,0.0,0.0,4.8986105138849736e-05,0.0022313345398077703,0.0,0.0,0.0,0.0005065873796834207,4.42790544303753e-06,0.0,0.0,0.0,4.5291128476453025e-05,0.0,0.0,0.0,0.0,-0.0,0.0
AECI,0.0,0.8925672510504312,0.0,0.0,0.0,0.0,0.0,0.0,0.0,1.1782432331672177e-06,0.00040816046395981395,0.0,0.0,7.529832031142663e-05,0.0010495442419812503,0.0,0.0,6.340025132872222e-07,5.058535601046177e-06,5.288777809330438e-06,0.0,0.0,-0.0,0.0,0.0,1.0806113830465745e-06,-0.0,-0.0,0.0,2.7511983602471795e-06,0.0,0.0,0.0,9.293180328434323e-08,0.0,0.0,0.0004496932135830195,0.0,0.0038396577919618587,0.0,0.0,0.0,2.80824182556945e-06,0.0,3.258045500303662e-06,7.895123826789411e-05,0.0,0.0,0.0,7.174528160822636e-05,0.0,0.0,0.0,1.6684917506626123e-05,1.8119549343574377e-05,0.0,0.0,3.1855060583550313e-06,0.00014510093575774723,0.0,0.0,0.0,3.294275310302063e-05,2.8794123506326346e-07,0.0,0.0,0.0,0.008862259751994051,0.0,0.0,0.0,0.0,-0.0,0.0
AVA,0.0,9.397840917299908e-13,0.6690582577995455,2.6893870255238045e-05,2.0999605055127647e-05,0.0,6.302504256232981e-05,0.0,1.8565053015604872e-05,2.020228720249563e-18,6.99836390781103e-16,0.0,0.0,1.291073226627274e-16,1.799560023886987e-15,5.9748431601511545e-06,0.0,1.0870676359500677e-18,8.673420407573877e-18,9.068196213363323e-18,0.0021414742156006107,0.0,-0.0,0.0,0.0,1.852828083375436e-18,-0.0,-0.0,0.0,4.717234766147859e-18,0.0,0.0,0.03819921941918918,1.5934188521918553e-19,0.0,5.1261183355108693e-05,7.710488970428098e-16,0.0,9.881762747085925e-14,0.0,0.001376271598940418,0.0,4.815042115006409e-18,0.0,5.586280409945874e-18,1.353706557001119e-16,0.0006759710116960748,0.0042150012285005764,0.00027698803621446023,1.230152436842057e-16,2.6692523599856872e-06,1.888106383084736e-08,2.3893879180701578e-05,2.860814184459402e-17,3.106797726600902e-17,1.6599738608023486e-05,0.0,5.4619034902655705e-18,2.487916497215184e-16,0.0,1.3391572128033105e-05,1.79500779902751e-11,5.648400437990682e-17,4.937071874839097e-19,1.9064185159671472e-05,6.586878539718734e-06,2.0910517224956042e-05,1.5195327393617395e-14,1.4461632965849943e-07,0.00014807839674384508,0.0,0.0,-0.0,0.0
AZPS,0.0,2.9032839782479045e-08,0.0,0.8308349046574817,0.0,0.0,0.0,0.0,0.04069256639319142,6.241111897414396e-14,2.1620112519774162e-11,0.0,0.0,3.988524860759964e-12,5.5593979843059483e-11,0.05148429235157851,0.0,3.358288439332751e-14,2.6794880576838414e-13,2.8014465247439207e-13,0.0,0.0,-0.0,0.0,0.0,5.723959509688315e-14,-0.0,-0.0,0.0,1.4572998456464536e-13,0.0,0.0,0.0001627580406681285,4.922564092025424e-15,0.0,0.08284048291712479,2.382008728312537e-11,0.0,3.0527824117184955e-09,0.0,0.0010916768108876016,0.0,1.4875155634261834e-13,0.0,1.7257749471307017e-13,4.182018607013903e-12,0.00057998327125596,6.779726367567813e-06,4.0652906835761263e-07,3.80032168251714e-12,0.08246146831854853,0.0005832945098215672,0.0,8.83794060739608e-13,9.59785991556125e-13,0.0,0.0,1.6873510664383907e-13,7.685944217556268e-12,0.0,0.11034495547075036,5.545334752531538e-07,1.7449657467769058e-12,1.5252143337830535e-14,0.1345455829146557,0.01172291916440273,0.0,4.694307017360743e-10,0.0044676460964309375,0.15969811094351585,0.0,0.0,-0.0,0.0
BANC,0.0,1.294044907737406e-17,0.0,3.7031778000281593e-10,0.6668053808236672,0.0,0.0,0.0,0.015923479503132925,2.781773718994713e-23,9.636465712805503e-21,0.0,0.0,1.7777559219561e-21,2.4779217966884065e-20,1.1422438101748663e-06,0.0,1.4968484261930755e-23,1.19429511627777e-22,1.2486541574315047e-22,0.0,0.0,-0.0,0.0,0.0,2.5512697728168257e-23,-0.0,-0.0,0.0,6.495442603735113e-23,0.0,0.0,2.6120189105888407e-09,2.1940736917305396e-24,0.0,6.174544914758753e-06,1.061703329110471e-20,0.0,1.36067899795964e-18,0.0,0.00036486809819089434,0.0,6.630119390502926e-23,0.0,7.692083512901833e-23,1.8639994995375295e-21,9.307849038529252e-09,1.0880429260520504e-10,6.524172998735803e-12,1.693870443907861e-21,3.675453175151148e-11,2.5998465730565677e-13,0.0,3.9392261051874213e-22,4.277935552279097e-22,0.0,0.0,7.520821495414306e-23,3.425760983217601e-21,0.0,2.603461042321903e-06,2.471653566091485e-16,7.777620293814897e-22,6.79814946325423e-24,3.899709980576715e-06,0.04391575142314165,0.0,2.0923354851555422e-19,1.9913087124699105e-12,3.788814534489467e-05,0.0,0.0,-0.0,0.0
BCHA,0.0,3.3996586115084266e-12,0.021022854540435464,9.72882797384903e-05,0.024154442939955795,0.0,0.07249349644260857,0.0,0.006376703906375678,7.308155167183171e-18,2.531650443439856e-15,0.0,0.0,4.670443191809683e-16,6.509888586081148e-15,1.282179024475325e-05,0.0,3.932455212182452e-18,3.137600289185707e-17,3.280410002563242e-17,0.003174110982696537,0.0,-0.0,0.0,0.0,6.702585205178929e-18,-0.0,-0.0,0.0,1.706454486340581e-17,0.0,0.0,0.002100125557619156,5.764175165619099e-19,0.0,0.014352942130556908,2.7892609012994323e-15,0.0,3.574716800980485e-13,0.0,0.002170109026661259,0.0,1.7418361871739795e-17,0.0,2.020830791784646e-17,4.8970185752905e-16,0.002445317697187497,0.015248166501463314,0.028803096479579692,4.450062905065361e-16,9.655991042804052e-06,6.830204066214679e-08,0.027483533131663743,1.034896383510733e-16,1.1238806592278581e-16,0.01909357047302085,0.0,1.9758375779406388e-17,9.000010554447188e-16,0.0,2.8404343511484646e-05,6.493420962739542e-11,2.043302643579979e-16,1.785980318525662e-18,3.89472857960298e-05,0.003261671174877429,0.02405197115989729,5.496892965415655e-14,5.231479813445426e-07,0.00024403203427343797,0.0,0.0,-0.0,0.0
BPAT,0.0,3.745753007241248e-11,0.23163037708863277,0.0010719248843579791,0.26613430235111796,0.0,0.7987352947325803,0.0,0.07025869524880234,8.052145030737648e-17,2.7893792717001382e-14,0.0,0.0,5.145906877722734e-15,7.172612763403199e-14,0.0001412708299736935,0.0,4.332789735713565e-17,3.4570164424608847e-16,3.6143645689863926e-16,0.03497244022827836,0.0,-0.0,0.0,0.0,7.384926416905741e-17,-0.0,-0.0,0.0,1.8801761454202143e-16,0.0,0.0,0.023139239911932723,6.3509837098917e-18,0.0,0.1581411026574775,3.073215167445023e-14,0.0,3.9386325915140426e-12,0.0,0.023910319657217263,0.0,1.9191597986168535e-16,0.0,2.226556804800601e-16,5.39554824499624e-15,0.02694257619542634,0.16800470886819188,0.31735329215416436,4.903091284705598e-15,0.00010638996916937399,7.525537221439806e-07,0.302814307675048,1.1402516204409222e-15,1.23829473489844e-15,0.21037347331341968,0.0,2.1769831607025957e-16,9.916235849506553e-15,0.0,0.000312959821220547,7.154468691688136e-10,2.2513163515844172e-15,1.967797921339785e-17,0.00042912224304084764,0.03593718078212672,0.265005265520737,6.056491462403979e-13,5.764058537289551e-06,0.002688751520957426,0.0,0.0,-0.0,0.0
CHPD,0.0,1.4438766652981171e-12,0.014339257530653285,4.1319524391619505e-05,0.01020438889530175,0.0,0.030625911428363732,1.0,0.0026940357294257264,3.1038630398220175e-18,1.0752229613880386e-15,0.0,0.0,1.9835944463442325e-16,2.7648294423782106e-15,5.465398414382227e-06,0.0,1.6701619094868128e-18,1.3325772850403265e-17,1.3932303200320504e-17,0.0013583955256105582,0.0,-0.0,0.0,0.0,2.8466700574491668e-18,-0.0,-0.0,0.0,7.247521280165288e-18,0.0,0.0,0.0011988323183133374,2.448115816145293e-19,0.0,0.00606392147628333,1.1846332791126085e-15,0.0,1.518226023199054e-13,0.0,0.0009280053790793198,0.0,7.397791698609553e-18,0.0,8.582715967116265e-18,2.079823787735005e-16,0.0010385563862963783,0.0064760821297619635,0.012170334196389793,1.8899962384404544e-16,4.1010177021410744e-06,2.9008713513313444e-08,0.011610810524157772,4.395331737410995e-17,4.773258858832764e-17,0.008066351146697648,0.0,8.391624275302817e-18,3.8224147515909644e-16,0.0,1.210886348615196e-05,2.757835440981901e-11,8.678156674966992e-17,7.585277233047582e-19,1.660908072823775e-05,0.0013779701051601315,0.01016109823042862,2.3345977909480345e-14,2.2218735734352057e-07,0.0001043010671241853,0.0,0.0,-0.0,0.0
CISO,0.0,6.336679322169549e-16,0.0,1.813372167491853e-08,0.0,0.0,0.0,0.0,0.7797409711299491,1.3621790015718278e-21,4.71878469255734e-19,0.0,0.0,8.705315498068977e-20,1.2133887871389797e-18,5.593339682056853e-05,0.0,7.3297676255022565e-22,5.8482245265487564e-21,6.11440988842627e-21,0.0,0.0,-0.0,0.0,0.0,1.2493058253249728e-21,-0.0,-0.0,0.0,3.180688443602277e-21,0.0,0.0,1.2790534641323944e-07,1.0743940423222474e-22,0.0,0.0003023551257859328,5.198949040814976e-19,0.0,6.662973146393222e-17,0.0,0.017866861646773247,0.0,3.2466369748151536e-21,0.0,3.766659584158525e-21,9.127633063296063e-20,4.557867673962727e-07,5.327928783554984e-09,3.1947571439101325e-10,8.294545075033202e-20,1.7997959727151018e-09,1.2730929136845672e-11,0.0,1.9289603055380946e-20,2.0948195532949612e-20,0.0,0.0,3.682795996550601e-21,1.6775266959634198e-19,0.0,0.0001274862847055297,1.2103193598747008e-14,3.8085452364767635e-20,3.328917943670208e-22,0.00019096100489731388,0.22463170018341969,0.0,1.0245748756129865e-17,9.751040838626531e-11,0.0018553067650652795,0.0,0.0,-0.0,0.0
CPLE,0.0,0.0,0.0,0.0,0.0,0.0,0.0,0.0,0.0,0.9732829961306819,0.0010760912937770302,0.0,0.0,0.001023820662646209,1.219938309185487e-06,0.0,0.0,2.8752430209349278e-08,2.2940791050886235e-07,2.3984954581187675e-07,0.0,0.0,-0.0,0.0,0.0,4.9006435658085935e-08,-0.0,-0.0,0.0,1.2476865183852493e-07,0.0,0.0,0.0,7.530176919447168e-06,0.0,0.0,5.227011465424792e-07,0.0,0.00016647995565677805,0.0,0.0,0.0,1.2735561044074582e-07,0.0,0.0002639963732741715,9.176901389008422e-08,0.0,0.0,0.0,0.005813452925178777,0.0,0.0,0.0,0.032884981689773794,8.217334584759961e-07,0.0,0.0,1.4446479107696986e-07,6.580422697466275e-06,0.0,0.0,0.0,1.493975480613469e-06,1.3058324047683509e-08,0.0,0.0,0.0,1.0301052347256226e-05,0.0,0.0,0.0,0.0,-0.0,0.0
CPLW,0.0,0.0,0.0,0.0,0.0,0.0,0.0,0.0,0.0,0.0,0.5965228131576977,0.0,0.0,0.0,0.0,0.0,0.0,0.0,0.0,0.0,0.0,0.0,-0.0,0.0,0.0,0.0,-0.0,-0.0,0.0,0.0,0.0,0.0,0.0,0.0,0.0,0.0,0.0,0.0,0.0,0.0,0.0,0.0,0.0,0.0,0.0,0.0,0.0,0.0,0.0,0.0,0.0,0.0,0.0,0.0,0.0,0.0,0.0,0.0,0.0,0.0,0.0,0.0,0.0,0.0,0.0,0.0,0.0,0.0,0.0,0.0,0.0,0.0,-0.0,0.0
DEAA,0.0,1.564604922893164e-13,0.0,4.477441379065713e-06,0.0,0.0,0.0,0.0,0.001788237934231162,3.363389345369734e-19,1.1651266199029178e-16,0.0,0.0,2.149450649327405e-17,2.9960078034862814e-16,0.0011763094433000693,0.0,1.809810774296417e-19,1.443999359792425e-18,1.5097238357239395e-18,0.0,0.0,-0.0,0.0,0.0,3.084691437144274e-19,-0.0,-0.0,0.0,7.853515294104643e-19,0.0,0.0,3.158142056555774e-05,2.6528124941770515e-20,0.0,3.4297733294303125e-06,1.283685168455832e-16,0.0,1.6451709256422513e-14,0.0,4.9453613653603676e-05,0.0,8.01635041853999e-19,0.0,9.300350907167875e-19,2.253726107810338e-17,0.00011253942069670806,1.3155318708348657e-06,7.888252664644077e-08,2.0480263238432113e-17,4.4439200659269097e-07,3.143424716290195e-09,0.0,4.762842865586391e-18,5.172369973325372e-18,0.0,0.0,9.09328128070946e-19,4.142022017125586e-17,0.0,0.03147794901878327,2.9884290058795427e-12,9.403771791331015e-18,8.219512362494828e-20,0.004015809474051822,0.0005151645769193357,0.0,2.5298027764294003e-15,2.4076532397766713e-08,5.995302471286709e-06,0.0,0.0,-0.0,0.0
DOPD,0.0,6.987535822394449e-13,0.004320961778132836,1.9996282493500238e-05,0.004964617174841451,0.0,0.014900052069010409,0.0,0.0013106447460273824,1.5020918822096537e-18,5.203463107570009e-16,0.0,1.0,9.599460663124744e-17,1.3380190452374785e-15,2.635344570750555e-06,0.0,8.082626759071728e-19,6.448910588499531e-18,6.742436528025749e-18,0.000652395335248288,0.0,-0.0,0.0,0.0,1.3776252140522527e-18,-0.0,-0.0,0.0,3.507385068673085e-18,0.0,0.0,0.000431652240484194,1.184747795557297e-19,0.0,0.002950052012708461,5.732946361101323e-16,0.0,7.347344117791723e-14,0.0,0.00044603639056478556,0.0,3.5801073417841834e-18,0.0,4.153542800089458e-18,1.0065155542953429e-16,0.0005026017891440975,0.003134053204463816,0.005920084674550495,9.146498961922559e-17,1.984657608970217e-06,1.4038555349462915e-08,0.005648866378328971,2.1270887399600257e-17,2.309983814217894e-17,0.003924423682013443,0.0,4.061065369433514e-18,1.84982974285246e-16,0.0,5.838126426171727e-06,1.334634349267723e-11,4.1997306346219826e-17,3.670839598877347e-19,8.005084797736258e-06,0.0006703921416749268,0.004943555494368023,1.1298115751295264e-14,1.0752595121415395e-07,5.015746509149777e-05,0.0,0.0,-0.0,0.0
DUK,0.0,0.0,0.0,0.0,0.0,0.0,0.0,0.0,0.0,0.011490570540505356,0.20136453314693,0.0,0.0,0.9436186069403292,7.344166822504993e-07,0.0,0.0,2.582352370104658e-05,0.00020603895291977317,0.00021541693644192423,0.0,0.0,-0.0,0.0,0.0,4.4014326563216704e-05,-0.0,-0.0,0.0,0.00011205891865279991,0.0,0.0,0.0,4.194940364911517e-06,0.0,0.0,3.1467201165980615e-07,0.0,0.0001002228192803405,0.0,0.0,0.0,0.00011438235309961596,0.0,0.0001470681305744638,5.524598597084324e-08,0.0,0.0,0.0,0.0032385810580843255,0.0,0.0,0.0,0.0010662019430550296,0.0007380264306840348,0.0,0.0,0.0001297486831262637,0.005910098737868426,0.0,0.0,0.0,0.0013417895792286667,1.1728119608882737e-05,0.0,0.0,0.0,6.201350208939432e-06,0.0,0.0,0.0,0.0,-0.0,0.0
EEI,0.0,0.0,0.0,0.0,0.0,0.0,0.0,0.0,0.0,2.431870825704715e-08,3.2720560128248286e-05,0.0,0.0,1.5541424999123182e-06,0.8815931496422497,0.0,0.0,1.3085686996411937e-08,1.044071784389106e-07,1.0915933226768511e-07,0.0,0.0,-0.0,0.0,0.0,2.230360610085025e-08,-0.0,-0.0,0.0,5.678419225907181e-08,0.0,0.0,0.0,2.152298416059523e-07,0.0,0.0,0.031444245515225976,0.0,0.00295617664014551,0.0,0.0,0.0,5.796155814761956e-08,0.0,7.545625848126449e-06,0.005520568344908883,0.0,0.0,0.0,0.00016616190637413965,0.0,0.0,0.0,3.4437341095168756e-07,3.739839294905747e-07,0.0,0.0,6.574821760355315e-08,2.9948547338836306e-06,0.0,0.0,0.0,6.799319353974147e-07,5.943050376664933e-09,0.0,0.0,0.0,0.00018291529570476026,0.0,0.0,0.0,0.0,-0.0,0.0
EPE,0.0,0.0,0.0,0.0,0.0,0.0,0.0,0.0,0.0,0.0,0.0,0.0,0.0,0.0,0.0,0.560659332231905,0.0,0.0,0.0,0.0,0.0,0.0,-0.0,0.0,0.0,0.0,-0.0,-0.0,0.0,0.0,0.0,0.0,0.0,0.0,0.0,0.0,0.0,0.0,0.0,0.0,0.0,0.0,0.0,0.0,0.0,0.0,0.0,0.0,0.0,0.0,0.0,0.0,0.0,0.0,0.0,0.0,0.0,0.0,0.0,0.0,0.0,0.0,0.0,0.0,0.0,0.0,0.0,0.0,0.0,0.0,0.0,0.0,-0.0,0.0
ERCO,0.0,1.9033967514973203e-05,0.0,0.0,0.0,0.0,0.0,0.0,0.0,4.091681075730955e-11,1.417417388221843e-08,0.0,0.0,2.6148820852923732e-09,3.6447485478133067e-08,0.0,1.0,2.201698267860986e-11,1.756675854956893e-10,1.836631984553227e-10,0.0,0.0,-0.0,0.0,0.0,3.7526352978456844e-11,-0.0,-0.0,0.0,9.554076738421473e-11,0.0,0.0,0.0,3.2272394199113036e-12,0.0,0.0,1.5616480197863733e-08,0.0,2.0014081188846696e-06,0.0,0.0,0.0,9.752171377103029e-11,0.0,1.1314202994935388e-10,2.7417368369508924e-09,0.0,0.0,0.0,2.491495836901664e-09,0.0,0.0,0.0,5.794165354846163e-10,6.292369441459342e-10,0.0,0.0,1.1062295533462045e-10,5.038915023639842e-09,0.0,0.0,0.00036355286747745294,1.1440018126968271e-09,9.999325005788066e-12,0.0,0.0,0.0,3.077593784941338e-07,0.0,0.0,0.0,0.0,-0.0,0.0
FMPP,0.0,0.0,0.0,0.0,0.0,0.0,0.0,0.0,0.0,0.0,0.0,0.0,0.0,0.0,0.0,0.0,0.0,0.8051585914079045,0.05531185651569196,4.10446244856992e-05,0.0,0.0,-0.0,0.0,0.0,8.386302096841889e-06,-0.0,-0.0,0.0,2.135122851687975e-05,0.0,0.0,0.0,0.0,0.0,0.0,0.0,0.0,0.0,0.0,0.0,0.0,0.01376467805154639,0.0,0.0,0.0,0.0,0.0,0.0,0.0,0.0,0.0,0.0,0.0,0.0,0.0,0.0,0.0,0.0,0.0,0.0,0.0,0.0,0.003148453531784282,0.0,0.0,0.0,0.0,0.0,0.0,0.0,0.0,-0.0,0.0
FPC,0.0,0.0,0.0,0.0,0.0,0.0,0.0,0.0,0.0,0.0,0.0,0.0,0.0,0.0,0.0,0.0,0.0,0.0025432110649738454,0.7692618352505664,0.0005708371612889497,0.0,0.0,-0.0,0.0,0.0,0.00011663434475666248,-0.0,-0.0,0.0,0.0002969469164190767,0.0,0.0,0.0,0.0,0.0,0.0,0.0,0.0,0.0,0.0,0.0,0.0,0.19143529374324594,0.0,0.0,0.0,0.0,0.0,0.0,0.0,0.0,0.0,0.0,0.0,0.0,0.0,0.0,0.0,0.0,0.0,0.0,0.0,0.0,0.043787811413894366,0.0,0.0,0.0,0.0,0.0,0.0,0.0,0.0,-0.0,0.0
FPL,0.0,0.0,0.0,0.0,0.0,0.0,0.0,0.0,0.0,0.0,0.0,0.0,0.0,0.0,0.0,0.0,0.0,0.10657383154847919,0.06339370154352558,0.910717601652039,0.0,0.0,-0.0,0.0,0.0,0.18607924979375545,-0.0,-0.0,0.0,0.4737511883923404,0.0,0.0,0.0,0.0,0.0,0.0,0.0,0.0,0.0,0.0,0.0,0.0,0.28275463565096964,0.0,0.0,0.0,0.0,0.0,0.0,0.0,0.0,0.0,0.0,0.0,0.0,0.0,0.0,0.0,0.0,0.0,0.0,0.0,0.0,0.003608487150688344,0.0,0.0,0.0,0.0,0.0,0.0,0.0,0.0,-0.0,0.0
GCPD,0.0,7.107072670129694e-12,0.0075524156655057285,0.00020338361967073144,0.008677432120381674,0.0,0.026043134015286774,0.0,0.0023592012782040796,1.5277883985742047e-17,5.292479549559772e-15,0.0,0.0,9.763680109979072e-16,1.360908742398645e-14,1.6046125782106507e-05,0.0,8.220897495531283e-18,6.559233091692298e-17,6.857780424515283e-17,0.8848974585302714,0.0,-0.0,0.0,0.0,1.4011924600219444e-17,-0.0,-0.0,0.0,3.5673864433435595e-17,0.0,0.0,0.0019424999003023469,1.2050154579266715e-18,0.0,0.0052592280920219165,5.831020754372407e-15,0.0,7.4730362612584e-13,0.0,0.0011001114845034445,0.0,3.641352787541919e-17,0.0,4.2245980942412075e-17,1.023734170359014e-15,0.005111998750884773,0.03187722498640282,0.011930421170517028,9.30296952343551e-16,2.0186094512848912e-05,1.4278715070412513e-07,0.009873400672957491,2.163477173492353e-16,2.3495010618556213e-16,0.006859324478201585,0.0,4.130538637985932e-17,1.881475064168568e-15,0.0,3.485943602976644e-05,1.357466143915464e-10,4.27157607114782e-16,3.733637215282432e-18,4.469094086385182e-05,0.001191448820354904,0.00864061935190166,1.149139435144632e-13,1.0936541416426577e-06,0.0001533015235541022,0.0,0.0,-0.0,0.0
GRID,0.0,7.914822705671119e-13,0.004894378685300748,2.2649906165967332e-05,0.005623450918772517,0.0,0.016877376149332362,0.0,0.0014845749715772256,1.7014282627667806e-18,5.893993104110378e-16,0.0,0.0,1.0873365253483704e-16,1.5155820004421825e-15,2.9850702130205336e-06,0.0,9.155238616328717e-19,7.304718752083365e-18,7.637197301019013e-18,0.0007389720129874973,1.0,-0.0,0.0,0.0,1.5604441395692774e-18,-0.0,-0.0,0.0,3.972835586773827e-18,0.0,0.0,0.0004889350181202191,1.3419707592364687e-19,0.0,0.0033415411736801045,6.493741883056342e-16,0.0,8.322379666877984e-14,0.0,0.0005052280290690537,0.0,4.055208530978715e-18,0.0,4.704742229408647e-18,1.140086056835134e-16,0.0005692999869681487,0.0035499604000557884,0.006705714545527925,1.0360292884540062e-16,2.2480332846547945e-06,1.5901553775029438e-08,0.006398503994671394,2.4093658600012558e-17,2.6165321806163442e-17,0.004445217663933151,0.0,4.5999925026778045e-18,2.0953129719107903e-16,0.0,6.612879958103509e-06,1.5117481355155284e-11,4.757059459799394e-17,4.1579814894050905e-19,9.067406383075145e-06,0.000759357100914863,0.005599594230081717,1.2797441809609133e-14,1.2179527400648634e-07,5.6813654148688965e-05,0.0,0.0,-0.0,0.0
GRIF,0.0,1.7056033440487967e-14,0.0,4.88093759464567e-07,0.0,0.0,0.0,0.0,0.0007766393367048233,3.666489879242457e-20,1.2701250201053999e-17,0.0,0.0,2.343153956451543e-18,3.2660007990856985e-17,0.0015055233792153923,0.0,1.972906555239241e-20,1.574129098553562e-19,1.6457765057005097e-19,0.0,0.0,1.0,0.0,0.0,3.362676387866138e-20,-0.0,-0.0,0.0,8.561255146375309e-20,0.0,0.0,3.4427461999047295e-06,2.8918775564352246e-21,0.0,0.008138299058728714,1.3993677790400334e-17,0.0,1.7934297606060137e-15,0.0,3.0076114147990107e-05,0.0,8.738764579396888e-20,0.0,1.0138476094502189e-19,2.456826467696004e-18,1.2268120179673396e-05,1.434084429409614e-07,8.59912296494638e-09,2.232589515433517e-18,4.844395421634527e-08,3.426702568438927e-10,0.0,5.192058774621277e-19,5.638491477355355e-19,0.0,0.0,9.912745852847741e-20,4.515291048982297e-18,0.0,0.0034314665846095077,3.2577390185219377e-13,1.0251217019250754e-18,8.96023498762753e-21,0.005139974929712284,0.00022373816574049586,0.0,2.7577824996761473e-16,2.624625141457141e-09,0.04993810262199388,0.0,0.0,-0.0,0.0
GRIS,0.0,0.0,0.0,0.0,0.0,0.0,0.0,0.0,0.0,0.0,0.0,0.0,0.0,0.0,0.0,0.0,0.0,0.0,0.0,0.0,0.0,0.0,-0.0,0.0,0.0,0.0,-0.0,-0.0,0.0,0.0,0.0,0.0,0.0,0.0,0.0,0.0,0.0,0.0,0.0,0.0,0.0,0.0,0.0,0.0,0.0,0.0,0.0,0.0,0.0,0.0,0.0,0.0,0.0,0.0,0.0,0.0,0.0,0.0,0.0,0.0,0.0,0.0,0.0,0.0,0.0,0.0,0.0,0.0,0.0,0.0,0.0,0.0,-0.0,0.0
GRMA,0.0,3.221553119734823e-09,0.0,0.0921914218222351,0.0,0.0,0.0,0.0,0.004515344182525174,6.9252865563165576e-15,2.3990192299111377e-12,0.0,0.0,4.425762276301857e-13,6.168840545524832e-12,0.005712819823524858,0.0,3.726436917559434e-15,2.9732238307369943e-14,3.108551853410336e-14,0.0,0.0,-0.0,0.0,1.0,6.351441937416169e-15,-0.0,-0.0,0.0,1.617054652354277e-14,0.0,0.0,1.8060020225536642e-05,5.462194475832641e-16,0.0,0.009192177485271636,2.6431336746334584e-12,0.0,3.387440145720238e-10,0.0,0.00012113506161321209,0.0,1.650582733178482e-14,0.0,1.9149610257017654e-14,4.640467550248136e-13,6.435632652222432e-05,7.522946013557875e-07,4.5109434634799925e-08,4.2169275427536515e-13,0.009150121121801287,6.472374944781961e-05,0.0,9.806789604153827e-14,1.0650014185802788e-13,0.0,0.0,1.872324971618163e-14,8.528506945131483e-13,0.0,0.012244139333497954,6.153235648265095e-08,1.9362555945188836e-13,1.692414187546454e-15,0.014929498651620991,0.0013008030592058049,0.0,5.2089149838859683e-11,0.0004957406622177565,0.01772048312808591,0.0,0.0,-0.0,0.0
GVL,0.0,0.0,0.0,0.0,0.0,0.0,0.0,0.0,0.0,0.0,0.0,0.0,0.0,0.0,0.0,0.0,0.0,1.375682591810375e-06,0.00041611179263612865,3.0877922652940934e-07,0.0,0.0,-0.0,0.0,0.0,0.7956784935321317,-0.0,-0.0,0.0,1.606255608256782e-07,0.0,0.0,0.0,0.0,0.0,0.0,0.0,0.0,0.0,0.0,0.0,0.0,0.00010355184620250836,0.0,0.0,0.0,0.0,0.0,0.0,0.0,0.0,0.0,0.0,0.0,0.0,0.0,0.0,0.0,0.0,0.0,0.0,0.0,0.0,2.3685855541128526e-05,0.0,0.0,0.0,0.0,0.0,0.0,0.0,0.0,-0.0,0.0
GWA,0.0,1.7709600028915179e-06,0.0012166704623243277,2.5720908758306617e-05,0.0003323866487220942,0.0,0.0009975750795248861,0.0,8.922749900333135e-05,3.806985340290922e-12,1.318794675870485e-09,0.0,0.0,2.4329407842518736e-10,3.3911500025922982e-09,2.2865312108194675e-06,0.0,2.0485059500863768e-12,1.634447823201666e-11,1.70884067240125e-11,4.664313359851624e-05,0.0,-0.0,0.0,0.0,3.4915300830978435e-12,1.0,-0.0,0.0,8.889312096908081e-12,0.0,0.0,0.0003191102047104303,3.002690809428855e-13,0.0,0.00021210212172169472,1.4529898611315884e-09,0.0,1.862151821588885e-07,0.0,7.31834566302421e-05,0.0,9.073623476874609e-12,0.02611907615742407,1.0526970245622066e-11,2.5509690887486874e-10,0.0005397023462702686,0.00022553581270689648,0.00039729811984847417,2.318139647476322e-10,3.3793935265896423e-06,1.5810762679091285e-05,0.0003781978949125404,5.391012192019462e-11,5.854551656387559e-11,0.0002627445359614717,0.0,1.0292590293912954e-11,4.688311545039374e-10,0.0,4.687189689859699e-06,3.382571640582082e-05,1.0644031266354334e-10,9.30358036349133e-13,6.116903985789442e-06,4.530939778630193e-05,0.0003309765457589706,2.8634573921549017e-08,0.00012109987489243872,2.3443136675484416e-05,0.0,0.01140591117354245,-0.0,0.0
HGMA,0.0,2.792316456437212e-13,0.0,7.990792475827981e-06,0.0,0.0,0.0,0.0,0.003191429439289779,6.002567984456469e-19,2.0793761971373613e-16,0.0,0.0,3.836077934177888e-17,5.346910118255003e-16,0.002099333939404691,0.0,3.229930018857758e-19,2.5770743249211356e-18,2.6943713709990173e-18,0.0,0.0,-0.0,0.0,0.0,5.5051818749499495e-19,-0.0,1.0,0.0,1.4015998336537981e-18,0.0,0.0,5.636267601651476e-05,4.734416896525789e-20,0.0,6.121042040382009e-06,2.290965066206909e-16,0.0,2.936100853388776e-14,0.0,8.825879122245018e-05,0.0,1.4306606649853297e-18,0.0,1.659813446112932e-18,4.022176082319988e-17,0.00020084666219012407,2.347801184919739e-06,1.4077993367993753e-07,3.655068141233566e-17,7.930967715628593e-07,5.610001883822485e-09,0.0,8.500142316060939e-18,9.2310164591527e-18,0.0,0.0,1.6228581791872104e-18,7.392176818642657e-17,0.0,0.05617801259215515,5.3333844026141676e-12,1.678270746902579e-17,1.4669185362936897e-19,0.007166928031631311,0.0009194030421720719,0.0,4.51488412237772e-15,4.2968864947651894e-08,1.0699686231931709e-05,0.0,0.0,-0.0,0.0
HQT,0.0,0.0,0.0,0.0,0.0,0.0,0.0,0.0,0.0,1.1412218054099677e-09,3.953357069788339e-07,0.0,0.0,7.293238155856124e-08,1.0165666485279028e-06,0.0,0.0,6.140816025763804e-10,4.8995920102493955e-09,5.1225998079801145e-09,0.0,0.0,-0.0,0.0,0.0,1.0466576329846442e-09,-0.0,-0.0,0.0,2.6647533135262536e-09,0.0,0.0,0.0,0.10028988207297372,0.0,0.0,4.3556346146482804e-07,0.0,0.00013872666289337158,0.0,0.0,0.0,2.720004423525783e-09,0.0,0.05591956234277341,7.647052165386929e-08,0.0,0.0,0.0,6.949098242346242e-08,0.0,0.0,0.0,1.61606628784482e-08,1.7550217334585146e-08,0.0,0.0,3.0854146858014537e-09,1.4054173808153837e-07,0.0,0.0,0.0,3.1907663131954093e-08,2.788938708755033e-10,0.0,0.0,0.0,8.583799838167526e-06,0.0,0.0,0.0,0.0,-0.0,0.0
HST,0.0,0.0,0.0,0.0,0.0,0.0,0.0,0.0,0.0,0.0,0.0,0.0,0.0,0.0,0.0,0.0,0.0,0.0,0.0,0.0,0.0,0.0,-0.0,0.0,0.0,0.0,-0.0,-0.0,0.0,0.47980451071445485,0.0,0.0,0.0,0.0,0.0,0.0,0.0,0.0,0.0,0.0,0.0,0.0,0.0,0.0,0.0,0.0,0.0,0.0,0.0,0.0,0.0,0.0,0.0,0.0,0.0,0.0,0.0,0.0,0.0,0.0,0.0,0.0,0.0,0.0,0.0,0.0,0.0,0.0,0.0,0.0,0.0,0.0,-0.0,0.0
IESO,0.0,0.0,0.0,0.0,0.0,0.0,0.0,0.0,0.0,1.1999161964543074e-07,0.00014385795520038372,0.0,0.0,7.66833804465078e-06,0.00010688498770015261,0.0,0.0,6.456645477531112e-08,5.151583838695042e-07,5.386061191970437e-07,0.0,0.0,-0.0,0.0,0.0,1.1004884764795022e-07,-0.0,-0.0,0.0,2.8018047370789453e-07,0.0,0.0,0.0,0.008647867625778717,0.0,0.0,4.579650069055575e-05,0.0,0.014586153970832584,0.0,0.0,0.0,2.8598974771985557e-07,0.0,0.042489260123927376,8.040349128347117e-06,0.0,0.0,0.0,0.0007006416300511214,0.0,0.0,0.0,1.699182493829215e-06,1.845284582824527e-06,0.0,0.0,3.244101222672629e-07,1.4776996636626314e-05,0.0,0.0,0.0,3.354871209219999e-06,2.9323771344794328e-08,0.0,0.0,0.0,0.0009025274845006142,0.0,0.0,0.0,0.0,-0.0,0.0
IID,0.0,7.96561571926377e-11,0.0,0.002279526090536482,0.0,0.0,0.0,0.0,0.006734542026040852,1.7123471010138723e-16,5.931817535937201e-14,0.0,0.0,1.0943144578890737e-14,1.5253081787802105e-13,0.00030025812242109396,0.0,9.213991942432906e-17,7.351596451390414e-16,7.686208666244218e-16,0.0,0.0,-0.0,0.0,0.0,1.5704582186382773e-16,-0.0,-0.0,0.0,3.998331077887706e-16,0.0,1.0,8.101483006426835e-07,1.3505827953552304e-17,0.0,0.0010868083869804259,6.535415175307966e-14,0.0,8.37578815867402e-12,0.0,0.00015604432255373214,0.0,4.0812326467036867e-16,0.0,4.734934698007727e-16,1.1474025070874085e-14,2.8869385480456427e-06,3.374692748180166e-08,2.023548775469295e-09,1.0426779591428798e-14,0.00022624599356904995,1.6003601270857806e-06,0.0,2.4248278554783013e-15,2.6333236565037855e-15,0.0,0.0,4.62951274468489e-16,2.1087595473074646e-14,0.0,0.0006651567207720709,1.5214497102003133e-09,4.7875876718374864e-15,4.1846651459016546e-17,0.000911997801829269,0.0019401207340355743,0.0,1.2879568808527361e-12,1.2257688962040262e-05,0.005712366972069616,0.0,0.0,-0.0,0.0
IPCO,0.0,6.103433540551663e-12,0.0,0.00017466240511573278,0.0,0.0,0.0,0.0,0.00010778297162981803,1.3120387798923899e-17,4.545091726897651e-15,0.0,0.0,8.384882979024886e-16,1.1687253598652589e-14,8.335224491586687e-05,0.0,7.05996742069997e-18,5.632958196753684e-17,5.88934558565044e-17,0.0,0.0,-0.0,0.0,0.0,1.2033203337303103e-17,-0.0,-0.0,0.0,3.0636110084990944e-17,0.0,0.0,0.6571103006417329,1.034846849632488e-18,0.0,0.0004932107710351038,5.0075817850389245e-15,0.0,6.417716869340942e-13,0.0,0.023168691274106024,0.0,3.1271320511288755e-17,0.0,3.62801323421277e-17,8.791655526809203e-16,0.004390097876238398,0.02737209180801817,0.0016412979489767536,7.989232536583878e-16,1.733547580289757e-05,1.2262318470868526e-07,0.0,1.8579575245387452e-16,2.0177116866640481e-16,0.0,0.0,3.547236567537148e-17,1.6157788931330108e-15,0.0,0.000188509213017443,1.165768914641727e-10,3.668357124479176e-16,3.2063843534036715e-18,0.00027590556319179486,3.105066049426856e-05,0.0,9.868614683947435e-14,9.392116388396555e-07,0.0024393964843753228,0.0,0.0,-0.0,0.0
ISNE,0.0,0.0,0.0,0.0,0.0,0.0,0.0,0.0,0.0,0.0,0.0,0.0,0.0,0.0,0.0,0.0,0.0,0.0,0.0,0.0,0.0,0.0,-0.0,0.0,0.0,0.0,-0.0,-0.0,0.0,0.0,0.0,0.0,0.0,0.8518256118656156,0.0,0.0,0.0,0.0,0.0,0.0,0.0,0.0,0.0,0.0,0.0,0.0,0.0,0.0,0.0,0.0,0.0,0.0,0.0,0.0,0.0,0.0,0.0,0.0,0.0,0.0,0.0,0.0,0.0,0.0,0.0,0.0,0.0,0.0,0.0,0.0,0.0,0.0,-0.0,0.0
JEA,0.0,0.0,0.0,0.0,0.0,0.0,0.0,0.0,0.0,0.0,0.0,0.0,0.0,0.0,0.0,0.0,0.0,0.021673859123473912,0.001489870753653751,1.7561448426771237e-06,0.0,0.0,-0.0,0.0,0.0,3.5881827062719556e-07,-0.0,-0.0,0.0,9.135386256927127e-07,0.0,0.0,0.0,0.0,1.0,0.0,0.0,0.0,0.0,0.0,0.0,0.0,0.0003709537523135441,0.0,0.0,0.0,0.0,0.0,0.0,0.0,0.0,0.0,0.0,0.0,0.0,0.0,1.616693497485943e-05,0.0,0.0,0.0,0.0,0.0,0.0,8.526642095286917e-05,0.0,0.0,0.0,0.0,0.0,0.0,0.0,0.0,-0.0,0.0
LDWP,0.0,2.7798171436554646e-17,0.0,7.955023100799177e-10,0.0,0.0,0.0,0.0,0.0005335031489446358,5.975698546159654e-23,2.0700682358498712e-20,0.0,0.0,3.818906406988014e-21,5.3229756169093974e-20,2.4537239061588767e-06,0.0,3.2154718060445987e-23,2.5655385056286135e-22,2.6823104921402973e-22,0.0,0.0,-0.0,0.0,0.0,5.48053889796331e-23,-0.0,-0.0,0.0,1.3953258188746723e-22,0.0,0.0,5.611037842498551e-09,4.713224113203383e-24,0.0,0.5529001554972716,2.2807099646160562e-20,0.0,2.9229579150800983e-18,0.0,0.0007837955147147285,0.0,1.4242565645134913e-22,0.0,1.6523835835790894e-22,4.004171519549075e-21,1.999476074837362e-08,2.3372916664545185e-10,1.4014975710363922e-11,3.638706872498946e-21,7.895466135601358e-11,5.584889698529005e-13,0.0,8.462092926188644e-22,9.189695439914207e-22,0.0,0.0,1.615593740396502e-22,7.359087041163751e-21,0.0,5.592654161391863e-06,5.309510446752224e-16,1.6707582635128004e-21,1.4603521338473597e-23,8.377205918027751e-06,0.00015369427006891147,0.0,4.494674038850532e-19,4.2776522392201505e-12,8.138984616476746e-05,0.0,0.0,-0.0,0.0
LGEE,0.0,0.0,0.0,0.0,0.0,0.0,0.0,0.0,0.0,4.690464040298574e-09,0.0007110135301026407,0.0,0.0,2.9975479915657283e-07,4.178126711988358e-06,0.0,0.0,2.523898212458984e-09,2.013750528360546e-08,2.1054075621644483e-08,0.0,0.0,-0.0,0.0,0.0,4.301801776609846e-09,-0.0,-0.0,0.0,1.0952235169456212e-08,0.0,0.0,0.0,6.228540898677401e-06,0.0,0.0,0.9178243264585665,0.0,0.0005701717410650332,0.0,0.0,0.0,1.1179319285279144e-08,0.0,0.00021836302461820508,0.1611395611442154,0.0,0.0,0.0,0.004808562892260716,0.0,0.0,0.0,6.642092513428526e-08,7.21320455997811e-08,0.0,0.0,1.2681169045803473e-08,5.77631767556094e-07,0.0,0.0,0.0,1.311416815039101e-07,1.1462641759910033e-09,0.0,0.0,0.0,3.527973640109509e-05,0.0,0.0,0.0,0.0,-0.0,0.0
MHEB,0.0,0.0,0.0,0.0,0.0,0.0,0.0,0.0,0.0,1.1298095873558683e-07,3.9138234990904547e-05,0.0,0.0,7.220305774297563e-06,0.00010064009820426239,0.0,0.0,6.079407865506166e-08,4.850596090146902e-07,5.071373809900313e-07,0.0,0.0,-0.0,0.0,0.0,1.0361910566547978e-07,-0.0,-0.0,0.0,2.638105780390991e-07,0.0,0.0,0.0,8.911168709934742e-09,0.0,0.0,4.312078268501797e-05,0.0,0.013733939626443785,0.0,0.0,0.0,2.6928043792905245e-07,0.0,3.124118126602741e-07,7.57058164373306e-06,0.0,0.0,0.0,6.879607259922781e-06,0.0,0.0,0.0,1.599905624966372e-06,1.7374715161239293e-06,0.0,0.0,3.054560538943439e-07,1.39136320700723e-05,0.0,0.0,0.0,3.158858650063455e-06,2.7610493216674825e-08,0.0,0.0,0.0,0.0008497961839785853,0.0,0.0,0.0,0.0,-0.0,0.0
MISO,0.0,0.0,0.0,0.0,0.0,0.0,0.0,0.0,0.0,7.604733656379932e-06,0.002634389513220594,0.0,0.0,0.00048599784375754214,0.006774071937081801,0.0,0.0,4.092041537182792e-06,3.264929927402554e-05,3.4135351237805473e-05,0.0,0.0,-0.0,0.0,0.0,6.974588542326283e-06,-0.0,-0.0,0.0,1.7757055739084148e-05,0.0,0.0,0.0,5.998096083138932e-07,0.0,0.0,0.0029024542811824454,0.0,0.9244296922310463,0.0,0.0,0.0,1.8125231297747638e-05,0.0,2.1028398528184153e-05,0.0005095748670287637,0.0,0.0,0.0,0.0004630654710113684,0.0,0.0,0.0,0.00010768943979036188,0.00011694898205450677,0.0,0.0,2.0560207309195428e-05,0.0009365247672698148,0.0,0.0,0.0,0.00021262236540322334,1.858458711839203e-06,0.0,0.0,0.0,0.05719967075593265,0.0,0.0,0.0,0.0,-0.0,0.0
NBSO,0.0,0.0,0.0,0.0,0.0,0.0,0.0,0.0,0.0,0.0,0.0,0.0,0.0,0.0,0.0,0.0,0.0,0.0,0.0,0.0,0.0,0.0,-0.0,0.0,0.0,0.0,-0.0,-0.0,0.0,0.0,0.0,0.0,0.0,0.01216785751158208,0.0,0.0,0.0,0.0,0.0,0.0,0.0,0.0,0.0,0.0,0.0,0.0,0.0,0.0,0.0,0.0,0.0,0.0,0.0,0.0,0.0,0.0,0.0,0.0,0.0,0.0,0.0,0.0,0.0,0.0,0.0,0.0,0.0,0.0,0.0,0.0,0.0,0.0,-0.0,0.0
NEVP,0.0,3.0180669174992374e-14,0.0,8.636824225385051e-07,0.0,0.0,0.0,0.0,0.0013742641260149398,6.487857711171823e-20,2.247487563649202e-17,0.0,0.0,4.1462133990583515e-18,5.779191861132171e-17,0.0026640252085490977,0.0,3.491060231829953e-20,2.785423101328935e-19,2.912203263896801e-19,0.0,0.0,-0.0,0.0,0.0,5.950259417516875e-20,-0.0,-0.0,0.0,1.5149150017617568e-19,0.0,0.0,6.091943034430057e-06,5.117180388388113e-21,0.0,0.014400728774111506,2.4761827619952638e-17,0.0,3.1734758542949548e-15,0.0,0.850972272922279,0.0,1.5463253146704276e-19,0.0,1.7940044150029826e-19,4.347357027682799e-18,2.1708451606505392e-05,2.5376139114664515e-07,1.521615716254724e-08,3.9505695039800404e-18,8.572162811672842e-08,6.063553811617828e-10,0.0,9.187353481729451e-19,9.977316620411563e-19,0.0,0.0,1.7540614249171883e-19,7.989812276906524e-18,0.0,0.006071983743259923,5.764572631704575e-13,1.8139539335366532e-18,1.5855145267822693e-20,0.009095191063190303,0.00039590492042564443,0.0,4.879899043920267e-16,4.644276958008783e-09,0.08836552529754521,0.0,0.0,-0.0,0.0
NEWL,0.0,0.0,0.0,0.0,0.0,0.0,0.0,0.0,0.0,0.0,0.0,0.0,0.0,0.0,0.0,0.0,0.0,0.0,0.0,0.0,0.0,0.0,-0.0,0.0,0.0,0.0,-0.0,-0.0,0.0,0.0,0.0,0.0,0.0,0.0015292105815482003,0.0,0.0,0.0,0.0,0.0,0.0,0.0,0.0,0.0,0.0,0.00621328435412206,0.0,0.0,0.0,0.0,0.0,0.0,0.0,0.0,0.0,0.0,0.0,0.0,0.0,0.0,0.0,0.0,0.0,0.0,0.0,0.0,0.0,0.0,0.0,0.0,0.0,0.0,0.0,-0.0,0.0
NSB,0.0,0.0,0.0,0.0,0.0,0.0,0.0,0.0,0.0,0.0,0.0,0.0,0.0,0.0,0.0,0.0,0.0,0.0,0.0,0.0,0.0,0.0,-0.0,0.0,0.0,0.0,-0.0,-0.0,0.0,0.0,0.0,0.0,0.0,0.0,0.0,0.0,0.0,0.0,0.0,0.0,0.0,0.0,0.45819450985643445,0.0,0.0,0.0,0.0,0.0,0.0,0.0,0.0,0.0,0.0,0.0,0.0,0.0,0.0,0.0,0.0,0.0,0.0,0.0,0.0,0.0,0.0,0.0,0.0,0.0,0.0,0.0,0.0,0.0,-0.0,0.0
NWMT,0.0,6.401155120322447e-05,0.043976692567514276,0.0009296851793872291,0.012014153311877952,0.0,0.03605746497820795,0.0,0.003225138123877366,1.376039191410721e-10,4.766798390883505e-08,0.0,0.0,8.793892201476878e-09,1.2257350345255014e-07,8.264693129159669e-05,0.0,7.404348110627343e-11,5.90773029052317e-10,6.176624092072488e-10,0.0016859213814797564,0.0,-0.0,0.0,0.0,1.2620175290627768e-10,-0.0,-0.0,0.0,3.213051991708534e-10,0.0,0.0,0.011534274729492247,1.0853260162927603e-11,0.0,0.0076664553703827965,5.2518484179051214e-08,0.0,6.730768988638549e-06,0.0,0.0026452243831972407,0.0,3.2796715501220567e-10,0.9440769854214972,3.804985396577218e-10,9.220506853665066e-09,0.019507602834831446,0.008152017662554006,0.014360385835988447,8.378942183808595e-09,0.00012214856428713434,0.0005714818195454624,0.013670006028153497,1.9485875028415302e-09,2.1161343706966317e-09,0.00949693120657985,0.0,3.720268495826546e-10,1.694595552875056e-08,0.0,0.0001694190057041389,0.001222634375797127,3.847297235976587e-09,3.362789728952558e-11,0.00022109619192543312,0.001637713348494406,0.011963184979516732,1.0349999388857062e-06,0.004377168784006841,0.0008473548477756801,0.0,0.4122679597012707,-0.0,0.0
NYIS,0.0,0.0,0.0,0.0,0.0,0.0,0.0,0.0,0.0,0.0,0.0,0.0,0.0,0.0,0.0,0.0,0.0,0.0,0.0,0.0,0.0,0.0,-0.0,0.0,0.0,0.0,-0.0,-0.0,0.0,0.0,0.0,0.0,0.0,0.02424517602339673,0.0,0.0,0.0,0.0,0.0,0.0,0.0,0.0,0.0,0.0,0.8499984273995702,0.0,0.0,0.0,0.0,0.0,0.0,0.0,0.0,0.0,0.0,0.0,0.0,0.0,0.0,0.0,0.0,0.0,0.0,0.0,0.0,0.0,0.0,0.0,0.0,0.0,0.0,0.0,-0.0,0.0
OVEC,0.0,0.0,0.0,0.0,0.0,0.0,0.0,0.0,0.0,1.876347634310766e-09,0.001175777781074787,0.0,0.0,1.1991227380456187e-07,1.6713950058107551e-06,0.0,0.0,1.0096464655738266e-09,8.055697703933026e-09,8.422357499356906e-09,0.0,0.0,-0.0,0.0,0.0,1.7208693036482438e-09,-0.0,-0.0,0.0,4.381272380315744e-09,0.0,0.0,0.0,1.0317336427551595e-05,0.0,0.0,7.161346432722132e-07,0.0,0.00022808839132047246,0.0,0.0,0.0,4.472113870593279e-09,0.0,0.0003617098811701069,0.8244332372749901,0.0,0.0,0.0,0.007965197933119316,0.0,0.0,0.0,2.6570664367893824e-08,2.885530982783744e-08,0.0,0.0,5.0729056517558595e-09,2.31072659601422e-07,0.0,0.0,0.0,5.2461202502627876e-08,4.585452646981574e-10,0.0,0.0,0.0,1.411311319446516e-05,0.0,0.0,0.0,0.0,-0.0,0.0
PACE,0.0,1.080278562089338e-09,0.0,0.03091441081415213,0.0,0.0,0.0,0.0,0.0016434034617122271,2.3222459245775462e-15,8.044595099913794e-13,0.0,0.0,1.4840842073050007e-13,2.0685880215523228e-12,0.0020989160377433824,0.0,1.249580486616061e-15,9.970066751228045e-15,1.0423860174184185e-14,0.0,0.0,-0.0,0.0,0.0,2.129819471643738e-15,-0.0,-0.0,0.0,5.4224450435538465e-15,0.0,0.0,0.21805333153504955,1.8316294578717103e-16,0.0,0.01889395840804628,8.863180395665713e-13,0.0,1.1359052090016668e-10,0.0,0.05857585504531813,0.0,5.534874252684407e-15,0.0,6.4214100044779275e-15,1.5560810038783173e-13,0.7770263392997664,0.009083065360553165,0.000544642939650329,1.4140559702134653e-13,0.0030682963530386915,2.170371755107874e-05,0.0,3.288496007528194e-14,3.571253238194968e-14,0.0,0.0,6.278439165610032e-15,2.8598514061484533e-13,0.0,0.004523470238633811,2.063355254825606e-08,6.49281676179988e-14,5.675147039427896e-16,0.005631901258559282,0.00047343993372154337,0.0,1.7466976267959613e-11,0.0001662359706159047,0.012020509174117105,0.0,0.0,-0.0,0.0
PACW,0.0,1.6037920757785396e-10,0.0,0.004589583541786452,0.0,0.0,0.0,0.0,0.001863376206808633,3.447628919566093e-16,1.1943084244063376e-13,0.0,0.0,2.203285869952308e-14,3.0710459259689195e-13,0.00031172328141506304,0.0,1.8551393620237337e-16,1.4801658212745572e-15,1.5475364348660999e-15,0.0,0.0,-0.0,0.0,0.0,3.161950733202259e-16,-0.0,-0.0,0.0,8.050214729223787e-16,0.0,0.0,0.032372409995497294,2.7192549342233995e-17,0.0,0.002805643388308795,1.3158363947602653e-13,0.0,1.686375937618377e-11,0.0,0.008733334984786765,0.0,8.217128228220657e-16,0.0,9.533287840673687e-16,2.310173015433009e-14,0.11535808719835673,0.7193485249555704,0.04313390685994908,2.0993212670531002e-14,0.0004555222652596425,3.2221550482344103e-06,0.0,4.8821332045159326e-15,5.30191734337303e-15,0.0,0.0,9.321031940676683e-16,4.2457632540760314e-14,0.0,0.0006718235604610981,3.0632773095164414e-09,9.639299008134507e-15,8.425378573753272e-17,0.0008365141346509796,0.0005368107883444753,0.0,2.5931643105261175e-12,2.4679554120513406e-05,0.001788429655784857,0.0,0.0,-0.0,0.0
PGE,0.0,0.0,0.0,0.0,0.0,0.0,0.0,0.0,0.0,0.0,0.0,0.0,0.0,0.0,0.0,0.0,0.0,0.0,0.0,0.0,0.0,0.0,-0.0,0.0,0.0,0.0,-0.0,-0.0,0.0,0.0,0.0,0.0,0.0,0.0,0.0,0.0,0.0,0.0,0.0,0.0,0.0,0.0,0.0,0.0,0.0,0.0,0.0,0.0,0.555330217952647,0.0,0.0,0.0,0.0,0.0,0.0,0.0,0.0,0.0,0.0,0.0,0.0,0.0,0.0,0.0,0.0,0.0,0.0,0.0,0.0,0.0,0.0,0.0,-0.0,0.0
PJM,0.0,0.0,0.0,0.0,0.0,0.0,0.0,0.0,0.0,2.2826267769197044e-07,0.14303649268992732,0.0,0.0,1.4587646876436263e-05,0.0002033296456002894,0.0,0.0,1.2282617652499745e-07,9.799970405016436e-07,1.024602179322941e-06,0.0,0.0,-0.0,0.0,0.0,2.0934832545193823e-07,-0.0,-0.0,0.0,5.329934319959329e-07,0.0,0.0,0.0,0.001255131403444285,0.0,0.0,8.711968308652212e-05,0.0,0.027747559141613753,0.0,0.0,0.0,5.440445407761543e-07,0.0,0.04400296859374963,1.5295331682646404e-05,0.0,0.0,0.0,0.9689875028026045,0.0,0.0,0.0,3.2323919543288394e-06,3.5103251479052495e-06,0.0,0.0,6.171324580659978e-07,2.8110603311203886e-05,0.0,0.0,0.0,6.382044744384088e-06,5.578325042172822e-08,0.0,0.0,0.0,0.0017168977376209081,0.0,0.0,0.0,0.0,-0.0,0.0
PNM,0.0,2.9888908594246075e-07,0.0,0.0016911754749640829,0.0,0.0,0.0,0.0,0.00014761333171063923,6.425138719666515e-13,2.2257607996404797e-10,0.0,0.0,4.106131397489953e-11,5.723323637539391e-10,0.13884107099972556,0.0,3.4573116838851324e-13,2.7584960422582476e-12,2.8840506039740107e-12,0.0,0.0,-0.0,0.0,0.0,5.892737460890268e-13,-0.0,-0.0,0.0,1.5002701150585317e-12,0.0,0.0,0.0005363736436302599,5.067711918579076e-14,0.0,0.000883014198770667,2.452245170801218e-10,0.0,3.142797437164276e-08,0.0,0.0001485435769354589,0.0,1.5313767802553994e-12,0.0,1.7766615334734905e-12,4.305330543652444e-11,0.0019113509794731404,2.2342776551380495e-05,1.339727836127034e-06,3.912378818211054e-11,0.8489294562937727,0.006004936622873387,0.0,9.098538102195986e-12,9.880864561161895e-12,0.0,0.0,1.7371046776353035e-12,7.912573688973039e-11,0.0,0.000510469213983439,5.70884573416534e-06,1.7964181973332223e-11,1.570187144992505e-13,0.04959377252285378,4.2525190928275425e-05,0.0,4.832724404723822e-09,0.04599380109149711,0.004485265057349178,0.0,0.0,-0.0,0.0
PSCO,0.0,1.6030324990058285e-08,0.0,9.070285184019533e-05,0.0,0.0,0.0,0.0,7.916949100785697e-06,3.445996077698509e-14,1.1937427844132657e-11,0.0,0.0,2.2022423651266307e-12,3.0695914387018197e-11,0.007446466247087462,0.0,1.854260743909318e-14,1.4794647955028374e-13,1.5468035014961193e-13,0.0,0.0,-0.0,0.0,0.0,3.1604531922368984e-14,-0.0,-0.0,0.0,8.046402042893678e-14,0.0,0.0,2.8767339551334516e-05,2.717967059742468e-15,0.0,4.735872015030586e-05,1.3152131975408479e-11,0.0,1.6855772480552978e-09,0.0,7.966840963605939e-06,0.0,8.21323648948793e-14,0.0,9.528772751641443e-14,2.3090788874659437e-12,0.00010251152956759048,1.1983106314154038e-06,7.185365281447017e-08,2.0983270012146577e-12,0.04553065239940697,0.8697623683238456,0.0,4.879820962773728e-13,5.299406286406429e-13,0.0,0.0,9.316617378797518e-14,4.243752405413707e-12,0.0,2.7378006700282935e-05,3.061826501567067e-07,9.634733710835452e-13,8.421388204950122e-15,0.00265986390408854,2.280754510306096e-06,0.0,2.5919361542034577e-10,0.0024667865562904272,0.00024055832051927546,0.0,0.0,-0.0,0.0
PSEI,0.0,5.56995856269745e-13,0.0005918982998715606,1.59395912561665e-05,0.0006800681459792051,0.0,0.002041053807112354,0.0,0.00018489544107081404,1.197359091091568e-18,4.1478247308302314e-16,0.0,0.0,7.651996279788184e-17,1.066572083135154e-15,1.2575677757426594e-06,0.0,6.442885914301038e-19,5.140605453121569e-18,5.374583118752717e-18,0.06935122806560455,0.0,-0.0,0.0,0.0,1.0981432585441548e-18,-0.0,-0.0,0.0,2.7958338951653986e-18,0.0,0.0,0.00015223769975227446,9.443953199283906e-20,0.0,0.0004121764881827481,4.569890514358626e-16,0.0,5.856771732149063e-14,0.0,8.621799251871083e-05,0.0,2.8538028355915507e-18,0.0,3.3109041403040456e-18,8.023214581838661e-17,0.00040063782286427213,0.0024982834777290573,0.0009350115672040201,7.290927947501549e-17,1.5820256130462638e-06,1.1190521746741892e-08,0.6134604384442452,1.6955614170572847e-17,1.8413521522794067e-17,0.0019227054681802528,0.0,3.2371878160044975e-18,1.474550582297086e-16,0.0,2.7320054714068133e-06,1.0638740481228044e-11,3.347721743960887e-17,2.9261280336519664e-19,3.502520662069919e-06,9.33762867916541e-05,0.0006771830538388976,9.006041352888475e-15,8.571191731969284e-08,1.2014554703844812e-05,0.0,0.0,-0.0,0.0
SC,0.0,0.0,0.0,0.0,0.0,0.0,0.0,0.0,0.0,0.00027921158291414563,0.004892995508319605,0.0,0.0,0.022929169964389155,1.7845732172033514e-08,0.0,0.0,6.274907676318972e-07,5.0065801331543695e-06,5.234457557911679e-06,0.0,0.0,-0.0,0.0,0.0,1.0695125840179018e-06,-0.0,-0.0,0.0,2.7229412104822845e-06,0.0,0.0,0.0,1.0193366250949234e-07,0.0,0.0,7.64627571490883e-09,0.0,2.435333556043903e-06,0.0,0.0,0.0,2.7793987908440193e-06,0.0,3.5736367823659278e-06,1.3424328355320651e-09,0.0,0.0,0.0,7.869490382883318e-05,0.0,0.0,0.0,0.7365443383398511,1.7933446143284672e-05,0.0,0.0,3.1527881987239174e-06,0.00014361062559619105,0.0,0.0,0.0,3.260440297838026e-05,2.8498383340141435e-07,0.0,0.0,0.0,1.506878010921462e-07,0.0,0.0,0.0,0.0,-0.0,0.0
SCEG,0.0,0.0,0.0,0.0,0.0,0.0,0.0,0.0,0.0,0.012825008872615612,0.002832533739336411,0.0,0.0,0.01322128961737011,3.412593545125894e-08,0.0,0.0,4.11579268401194e-06,3.2838803289045897e-05,3.433348063897276e-05,0.0,0.0,-0.0,0.0,0.0,7.015070652548394e-06,-0.0,-0.0,0.0,1.786012175986622e-05,0.0,0.0,0.0,1.5669913140313635e-07,0.0,0.0,1.4621776734855813e-08,0.0,4.6570258331053375e-06,0.0,0.0,0.0,1.823043429384466e-05,0.0,5.4936295425948475e-06,2.567099845015634e-09,0.0,0.0,0.0,0.00012097498286871794,0.0,0.0,0.0,0.11378784209348675,0.875242145421172,0.0,0.0,0.15387188190502768,0.0009419605716365206,0.0,0.0,0.0,0.00021385647433734954,1.8692456320939743e-06,0.0,0.0,0.0,2.881564131855262e-07,0.0,0.0,0.0,0.0,-0.0,0.0
SCL,0.0,0.0,0.0,0.0,0.0,0.0,0.0,0.0,0.0,0.0,0.0,0.0,0.0,0.0,0.0,0.0,0.0,0.0,0.0,0.0,0.0,0.0,-0.0,0.0,0.0,0.0,-0.0,-0.0,0.0,0.0,0.0,0.0,0.0,0.0,0.0,0.0,0.0,0.0,0.0,0.0,0.0,0.0,0.0,0.0,0.0,0.0,0.0,0.0,0.0,0.0,0.0,0.0,0.0,0.0,0.0,0.7352131251859069,0.0,0.0,0.0,0.0,0.0,0.0,0.0,0.0,0.0,0.0,0.0,0.0,0.0,0.0,0.0,0.0,-0.0,0.0
SEC,0.0,0.0,0.0,0.0,0.0,0.0,0.0,0.0,0.0,0.0,0.0,0.0,0.0,0.0,0.0,0.0,0.0,0.00650465925769554,0.05889674078897495,0.04028406615332583,0.0,0.0,-0.0,0.0,0.0,0.008230903624630853,-0.0,-0.0,0.0,0.020955589503040592,0.0,0.0,0.0,0.0,0.0,0.0,0.0,0.0,0.0,0.0,0.0,0.0,0.0264539516975689,0.0,0.0,0.0,0.0,0.0,0.0,0.0,0.0,0.0,0.0,0.0,0.0,0.0,0.9999838330650251,0.0,0.0,0.0,0.0,0.0,0.0,0.03181832875300172,0.0,0.0,0.0,0.0,0.0,0.0,0.0,0.0,-0.0,0.0
SEPA,0.0,0.0,0.0,0.0,0.0,0.0,0.0,0.0,0.0,9.25130093238244e-06,1.6410706100849872e-05,0.0,0.0,7.679344783767205e-05,4.278009424039705e-08,0.0,0.0,2.0112426957883517e-05,0.00016047164744251353,0.00016777560838855028,0.0,0.0,-0.0,0.0,0.0,3.428017563951783e-05,-0.0,-0.0,0.0,8.72761146958619e-05,0.0,0.0,0.0,4.094633599311665e-10,0.0,0.0,1.8329782858922348e-08,0.0,5.838023233231551e-06,0.0,0.0,0.0,8.908570141779809e-05,0.0,1.4355153028518836e-08,3.21810294258838e-09,0.0,0.0,0.0,3.161142152447764e-07,0.0,0.0,0.0,0.0022625364915242994,0.0005748054700806983,0.0,0.0,0.8242961261519056,0.004603029027151739,0.0,0.0,0.0,0.001045041149980322,9.134344008111318e-06,0.0,0.0,0.0,3.612313728266409e-07,0.0,0.0,0.0,0.0,-0.0,0.0
SOCO,0.0,0.0,0.0,0.0,0.0,0.0,0.0,0.0,0.0,0.0018106721571709227,0.0010302384780711293,0.0,0.0,0.004804833647321362,9.004627699983664e-06,0.0,0.0,0.00423724308265265,0.033807823367688644,0.03534660623359375,0.0,0.0,-0.0,0.0,0.0,0.0072220740642008644,-0.0,-0.0,0.0,0.018387145124267795,0.0,0.0,0.0,3.5702476755921746e-08,0.0,0.0,3.858169866074752e-06,0.0,0.0012288244486723019,0.0,0.0,0.0,0.01876838498338777,0.0,1.251673696553827e-06,6.773668785158177e-07,0.0,0.0,0.0,2.7563053319081677e-05,0.0,0.0,0.0,0.11130579916783485,0.12109878668897586,0.0,0.0,0.021289763412023054,0.9697563076495337,0.0,0.0,0.0,0.22016703370081347,0.0019244040534734318,0.0,0.0,0.0,7.603428846087807e-05,0.0,0.0,0.0,0.0,-0.0,0.0
SPA,0.0,0.05547235311474315,0.0,0.0,0.0,0.0,0.0,0.0,0.0,9.95807460697427e-08,3.4496207890822005e-05,0.0,0.0,6.363934630249782e-06,8.870358488607815e-05,0.0,0.0,5.3583539888892734e-08,4.2752865876297564e-07,4.4698787586881925e-07,0.0,0.0,-0.0,0.0,0.0,9.132926437096926e-08,-0.0,-0.0,0.0,2.3252107679228675e-07,0.0,0.0,0.0,7.854251180195908e-09,0.0,0.0,3.800640177726519e-05,0.0,0.0034422003533348886,0.0,0.0,0.0,2.3734217881544523e-07,0.0,2.753579163593313e-07,6.672665701387593e-06,0.0,0.0,0.0,6.0636449829854624e-06,0.0,0.0,0.0,1.4101473164888856e-06,1.531397075992862e-06,0.0,0.0,2.692271518911917e-07,1.2263392677701566e-05,1.0,0.0,0.007545279976224117,2.784199254658107e-06,2.4335724750793936e-08,0.0,0.0,0.0,0.0007490053098757525,0.0,0.0,0.0,0.0,-0.0,0.0
SRP,0.0,3.598879253993125e-12,0.0,0.00010298939147074547,0.0,0.0,0.0,0.0,0.04113276334838362,7.736414452646575e-18,2.680005641865199e-15,0.0,0.0,4.94413205286499e-16,6.891369297771623e-15,0.027057281936328736,0.0,4.16289783699815e-18,3.3214642640435845e-17,3.4726426538393386e-17,0.0,0.0,-0.0,0.0,0.0,7.095357975469445e-18,-0.0,-0.0,0.0,1.806453044427808e-17,0.0,0.0,0.0007264307917097003,6.101956928764858e-19,0.0,7.889109832507233e-05,2.9527121216464555e-15,0.0,3.7841958867279194e-13,0.0,0.001137524122599851,0.0,1.843908119672498e-17,0.0,2.1392518612794942e-17,5.183984796994747e-16,0.0025886137802305946,3.02596539780774e-05,1.8144432789172575e-06,4.710837439321048e-16,1.0221833957990285e-05,7.230455326081369e-08,0.0,1.0955415087977746e-16,1.1897402800290642e-16,0.0,0.0,2.0916220365301704e-17,9.527412888009876e-16,0.0,0.7240507557171212,6.873936668564074e-11,2.1630405678723446e-16,1.890639105533643e-18,0.09237100812280262,0.011849733316950205,0.0,5.819011940695305e-14,5.5380455274416e-07,0.0001379029898834132,0.0,0.0,-0.0,0.0
SWPP,0.0,0.05177966553976481,0.0,0.0,0.0,0.0,0.0,0.0,0.0,1.1130936176604702e-07,3.855916967108332e-05,0.0,0.0,7.1134785585743105e-06,9.9151089037982e-05,0.0,0.0,5.989460675481343e-08,4.778829645469023e-07,4.996340873493103e-07,0.0,0.0,-0.0,0.0,0.0,1.0208602093195215e-07,-0.0,-0.0,0.0,2.599073985324112e-07,0.0,0.0,0.0,8.77932452329223e-09,0.0,0.0,4.2482794032176453e-05,0.0,0.005444594928666081,0.0,0.0,0.0,2.652963297303249e-07,0.0,3.077895590952859e-07,7.45857196108437e-06,0.0,0.0,0.0,6.777820810453673e-06,0.0,0.0,0.0,1.5762344026279029e-06,1.7117649532347648e-06,0.0,0.0,3.009367134698008e-07,1.3707774503771627e-05,0.0,0.0,0.9890027325725134,3.112122114936254e-06,2.7201985293702533e-08,0.0,0.0,0.0,0.0008372231208557135,0.0,0.0,0.0,0.0,-0.0,0.0
TAL,0.0,0.0,0.0,0.0,0.0,0.0,0.0,0.0,0.0,0.0,0.0,0.0,0.0,0.0,0.0,0.0,0.0,3.961731785361335e-05,0.011983311593561757,8.89231632124534e-06,0.0,0.0,-0.0,0.0,0.0,1.8168920277641752e-06,-0.0,-0.0,0.0,4.625742839612057e-06,0.0,0.0,0.0,0.0,0.0,0.0,0.0,0.0,0.0,0.0,0.0,0.0,0.0029821169721530798,0.0,0.0,0.0,0.0,0.0,0.0,0.0,0.0,0.0,0.0,0.0,0.0,0.0,0.0,0.0,0.0,0.0,0.0,0.0,0.7729666391812933,0.0006821123369546885,0.0,0.0,0.0,0.0,0.0,0.0,0.0,0.0,-0.0,0.0
TEC,0.0,0.0,0.0,0.0,0.0,0.0,0.0,0.0,0.0,0.0,0.0,0.0,0.0,0.0,0.0,0.0,0.0,0.05313546504087943,0.004384387209447117,0.011926535884278161,0.0,0.0,-0.0,0.0,0.0,0.0024368485312670084,-0.0,-0.0,0.0,0.006204130169803687,0.0,0.0,0.0,0.0,0.0,0.0,0.0,0.0,0.0,0.0,0.0,0.0,0.004586595712936928,0.0,0.0,0.0,0.0,0.0,0.0,0.0,0.0,0.0,0.0,0.0,0.0,0.0,0.0,0.0,0.0,0.0,0.0,0.0,0.0,0.9148614342882052,0.0,0.0,0.0,0.0,0.0,0.0,0.0,0.0,-0.0,0.0
TEPC,0.0,0.0,0.0,0.0,0.0,0.0,0.0,0.0,0.0,0.0,0.0,0.0,0.0,0.0,0.0,0.1755985971651468,0.0,0.0,0.0,0.0,0.0,0.0,-0.0,0.0,0.0,0.0,-0.0,-0.0,0.0,0.0,0.0,0.0,0.0,0.0,0.0,0.0,0.0,0.0,0.0,0.0,0.0,0.0,0.0,0.0,0.0,0.0,0.0,0.0,0.0,0.0,0.0,0.0,0.0,0.0,0.0,0.0,0.0,0.0,0.0,0.0,0.0,0.0,0.0,0.0,0.5995102118684071,0.0,0.0,0.0,0.0,0.0,0.0,0.0,-0.0,0.0
TIDC,0.0,0.0,0.0,0.0,0.0,0.0,0.0,0.0,0.0,0.0,0.0,0.0,0.0,0.0,0.0,0.0,0.0,0.0,0.0,0.0,0.0,0.0,-0.0,0.0,0.0,0.0,-0.0,-0.0,0.0,0.0,0.0,0.0,0.0,0.0,0.0,0.0,0.0,0.0,0.0,0.0,0.0,0.0,0.0,0.0,0.0,0.0,0.0,0.0,0.0,0.0,0.0,0.0,0.0,0.0,0.0,0.0,0.0,0.0,0.0,0.0,0.0,0.0,0.0,0.0,0.0,0.6529345901891593,0.0,0.0,0.0,0.0,0.0,0.0,-0.0,0.0
TPWR,0.0,7.451139933341346e-15,7.918042852573728e-06,2.1322981776805735e-07,9.097523550417683e-06,0.0,2.7303932977390324e-05,0.0,2.4734148179880052e-06,1.601751617674699e-20,5.548698817145711e-18,0.0,0.0,1.0236358925890663e-18,1.4267929915418816e-17,1.68229500583241e-08,0.0,8.618887193078496e-21,6.8767783713559e-20,7.189778963419538e-20,0.0009277370720970624,0.0,-0.0,0.0,0.0,1.4690269225818653e-20,-0.0,-0.0,0.0,3.740090585730943e-20,0.0,0.0,2.036540112849342e-06,1.263352608815689e-21,0.0,5.513837591631099e-06,6.113311853085857e-18,0.0,7.834820536393116e-16,0.0,1.1533700292333521e-06,0.0,3.817637785057612e-20,0.0,4.429119135733274e-20,1.0732951401985485e-18,5.359480590651328e-06,3.3420463682406424e-05,1.2507996151332194e-05,9.753344440399947e-19,2.116334275784834e-08,1.496997554353304e-10,0.008206487568918912,2.268215327251911e-19,2.4632449952282314e-19,2.5720743400061508e-05,0.0,4.330506077566913e-20,1.972560945258571e-18,0.0,3.654704938459718e-08,1.42318373014509e-13,4.4783714082177865e-19,3.914389882113395e-21,4.685451656190342e-08,1.2491291838327104e-06,0.6682279704148406,1.2047715186831254e-16,1.1466000737979018e-09,1.607231496023517e-07,0.0,0.0,-0.0,0.0
TVA,0.0,0.0,0.0,0.0,0.0,0.0,0.0,0.0,0.0,0.00012344470097122573,0.0427630263458897,0.0,0.0,0.007889015080098026,0.10996089046841129,0.0,0.0,6.642452803006199e-05,0.0005299834508235384,0.0005541059577495523,0.0,0.0,-0.0,0.0,0.0,0.00011321579898889636,-0.0,-0.0,0.0,0.00028824341980756386,0.0,0.0,0.0,9.73647744728818e-06,0.0,0.0,0.047114418073358054,0.0,0.0006229727490673195,0.0,0.0,0.0,0.000294219871291305,0.0,0.0003413458623942329,0.008271731782485869,0.0,0.0,0.0,0.007516762740420465,0.0,0.0,0.0,0.0017480810365432592,0.0018983876057902765,0.0,0.0,0.00033374589536883564,0.015202244427164098,0.0,0.0,0.0,0.003451416644286522,3.016764167117047e-05,0.0,0.0,0.0,0.9285001383572328,0.0,0.0,0.0,0.0,-0.0,0.0
WACM,0.0,6.080948277942563e-06,0.0,0.034407246955016964,0.0,0.0,0.0,0.0,0.0030032178406138887,1.3072051831434133e-11,4.528347450027471e-09,0.0,0.0,8.353992776898935e-10,1.1644197347675355e-08,0.005727800729230917,0.0,7.03395825382506e-12,5.612206181764325e-11,5.867649030554155e-11,0.0,0.0,-0.0,0.0,0.0,1.1988872595390322e-11,-0.0,-0.0,0.0,3.052324558404971e-11,0.0,0.0,0.010912611192484663,1.0310344376483834e-12,0.0,0.017965071071370655,4.9891336786206176e-09,0.0,6.39407377595765e-07,0.0,0.0030221438347835805,0.0,3.1156115872922827e-11,0.0,3.614647506581173e-11,8.759266760391803e-10,0.03888675429723967,0.000454567513451221,2.725698615698785e-05,7.959799924524337e-10,0.009807913645681584,0.12217143660791217,0.0,1.8511127440429406e-10,2.0102783662481446e-10,0.0,0.0,3.534168423970457e-11,1.6098263071846342e-09,0.0,0.010385581253083512,0.0001161474181191598,3.6548427685449554e-10,3.1945719213139334e-12,0.014651781129347712,0.0008651820983328148,0.0,9.832258362332353e-08,0.93575155031661,0.09125346527994031,0.0,0.0,-0.0,0.0
WALC,0.0,1.9101527956952236e-13,0.0,5.466298260118567e-06,0.0,0.0,0.0,0.0,0.008697800725062132,4.1062043632009042e-19,1.4224484646456995e-16,0.0,0.0,2.6241635232934846e-17,3.6576854629677007e-16,0.016860776579894692,0.0,2.2095131234849716e-19,1.762911118155772e-18,1.8431510494056617e-18,0.0,0.0,-0.0,0.0,0.0,3.765955153472691e-19,-0.0,-0.0,0.0,9.587988619727433e-19,0.0,0.0,3.855627571066127e-05,3.238694400141244e-20,0.0,0.0911430829065595,1.5671910380955855e-16,0.0,2.0085120512091257e-14,0.0,0.000336830797875056,0.0,9.786786388816908e-19,0.0,1.1354362386527129e-18,2.7514685417228413e-17,0.00013739410244998726,1.6060711839348933e-06,9.630397846798193e-08,2.500339319470266e-17,5.425373660514817e-07,3.837659860341101e-09,0.0,5.8147315542980145e-18,6.314703999938856e-18,0.0,0.0,1.1101560787800397e-18,5.056800486868886e-17,0.0,0.038429952150346315,3.648432864292662e-12,1.1480624095235164e-17,1.0034817281182124e-19,0.05756401402501229,0.0025057061730332916,0.0,3.0885176029093466e-15,2.939390960447658e-08,0.5592707511271597,0.0,0.0,-0.0,0.0
WAUE,0.0,0.0,0.0,0.0,0.0,0.0,0.0,0.0,0.0,0.0,0.0,0.0,0.0,0.0,0.0,0.0,0.0,0.0,0.0,0.0,0.0,0.0,-0.0,0.0,0.0,0.0,-0.0,-0.0,0.0,0.0,0.0,0.0,0.0,0.0,0.0,0.0,0.0,0.0,0.0,0.0,0.0,0.0,0.0,0.0,0.0,0.0,0.0,0.0,0.0,0.0,0.0,0.0,0.0,0.0,0.0,0.0,0.0,0.0,0.0,0.0,0.0,0.0,0.0,0.0,0.0,0.0,0.0,0.0,0.0,0.0,0.0,0.0,-0.0,0.0
WAUW,0.0,8.746350527713828e-05,0.0,0.0002197055134444881,0.0,0.0,0.0,0.0,1.9176876270291416e-05,1.8801795741115885e-10,6.51321344943586e-08,0.0,0.0,1.2015716265468567e-08,1.6748083845091088e-07,3.6574544943064644e-05,0.0,1.0117083993037205e-10,8.072149318810051e-10,8.439557919113021e-10,0.0,0.0,-0.0,0.0,0.0,1.7243837204098718e-10,-0.0,-0.0,0.0,4.390219961086694e-10,0.0,0.0,6.968185650538714e-05,1.4829576220089412e-11,0.0,0.00011471493691321591,7.175971573565559e-08,0.0,9.196725245541807e-06,0.0,1.929772712685473e-05,0.0,4.481246970889392e-10,0.0,5.199020396434349e-10,1.2598630008091422e-08,0.0002483091521456046,2.902614936572903e-06,1.7404793084432256e-07,1.1448740737179068e-08,6.262787331287695e-05,0.0007801187419407365,0.0,2.6624927866013157e-09,2.891423910521251e-09,0.0,0.0,5.083265709091355e-10,2.3154456390370443e-08,0.0,6.631653687989867e-05,0.0016705717354050934,5.256834052235985e-09,4.5948172115118614e-11,9.355811292045916e-05,5.524570954069724e-06,0.0,1.4141935465548873e-06,0.00597518816566663,0.0005826937990455731,0.0,0.5633110794272698,-0.0,0.0
WWA,0.0,2.020805887400024e-06,0.0013883175392309058,2.934959782445678e-05,0.00037927954077679796,0.0,0.001138312322433023,0.0,0.00010181565648547115,4.34407235417204e-12,1.5048493703525679e-09,0.0,0.0,2.7761784865182997e-10,3.869571237693787e-09,2.6091135457625177e-06,0.0,2.3375078361733656e-12,1.8650346582538845e-11,1.9499228021970147e-11,5.322351652706482e-05,0.0,-0.0,0.0,0.0,3.984112874620705e-12,-0.0,-0.0,0.0,1.0143410461579172e-11,0.0,0.0,0.00036413006468546765,3.4263084744028905e-13,0.0,0.00024202535099912849,1.657976725004059e-09,0.0,2.1248629885234105e-07,0.0,8.35081310572866e-05,0.0,1.0353724371065022e-11,0.029803938421078705,1.2012108355979089e-11,2.9108581473901293e-10,0.0006158432019954397,0.0002573542583646729,0.00045334867999948696,2.645181280089319e-10,3.856156165708844e-06,1.8041334786796652e-05,0.00043155380776172913,6.151572683115858e-11,6.680507993403991e-11,0.00029981236407723304,0.0,1.1744662233238322e-11,5.349735486240352e-10,0.0,5.348455360462131e-06,3.8597826459547354e-05,1.2145684269322462e-10,1.0616123425569086e-12,6.979872818675493e-06,5.1701618134578074e-05,0.0003776705014054582,3.2674320972455096e-08,0.00013818456641961612,2.6750479138768154e-05,0.0,0.013015049697916978,1.0,0.0
YAD,0.0,0.0,0.0,0.0,0.0,0.0,0.0,0.0,0.0,0.00016518636058288568,0.001241774006966035,0.0,0.0,0.00581871397859488,4.6468560777338445e-09,0.0,0.0,1.5923781532664696e-07,1.2705157171794049e-06,1.3283439835896974e-06,0.0,0.0,-0.0,0.0,0.0,2.7140932764013855e-07,-0.0,-0.0,0.0,6.909985484829525e-07,0.0,0.0,0.0,2.6597006939112733e-08,0.0,0.0,1.9910162516915116e-09,0.0,6.341373067307584e-07,0.0,0.0,0.0,7.053257421552347e-07,0.0,9.324499871630135e-07,3.4955652817190213e-10,0.0,0.0,0.0,2.0533441570525097e-05,0.0,0.0,0.0,9.761768200117218e-06,4.55095585854094e-06,0.0,0.0,8.000804646849288e-07,3.644395018580676e-05,0.0,0.0,0.0,8.273992492193247e-06,7.23201127014439e-08,0.0,0.0,0.0,3.9237646155125386e-08,0.0,0.0,0.0,0.0,-0.0,1.0
