,BAA1_1_2,BAA2_1_2,Transacting BAAs_1_2,Exchange_1_2,BAA2_2_1,BAA1_2_1,Transacting BAAs_2_1,Exchange_2_1,Exchange_1_2_abs,Exchange_2_1_abs,Status_Check,Delta,Percent_Diff_Avg,Exchange_mean,Final_Exchange,Export_BAA,Import_BAA
34,AEC,MISO,AEC-MISO,525715.0,AEC,MISO,MISO-AEC,-525480.0,525715.0,525480.0,keep,235.0,0.00044711021598187184,525597.5,525597.5,AEC,MISO
52,AEC,SOCO,AEC-SOCO,582387.0,AEC,SOCO,SOCO-AEC,-555460.0,582387.0,555460.0,keep,26927.0,0.047356258390403416,568923.5,568923.5,AEC,SOCO
102,AECI,MISO,AECI-MISO,2769083.0,AECI,MISO,MISO-AECI,-2758147.0,2769083.0,2758147.0,keep,10936.0,0.003957151344042564,2763615.0,2763615.0,AECI,MISO
121,AECI,SPA,AECI-SPA,-1478802.0,AECI,SPA,SPA-AECI,1478802.0,1478802.0,1478802.0,keep,0.0,0.0,1478802.0,1478802.0,SPA,AECI
123,AECI,SWPP,AECI-SWPP,-1396477.0,AECI,SWPP,SWPP-AECI,1384046.0,1396477.0,1384046.0,keep,12431.0,0.00894166203262009,1390261.5,1390261.5,SWPP,AECI
129,AECI,TVA,AECI-TVA,1617800.0,AECI,TVA,TVA-AECI,-1615023.0,1617800.0,1615023.0,keep,2777.0,0.001718004387561256,1616411.5,1616411.5,AECI,TVA
141,AVA,BPAT,AVA-BPAT,-5609709.0,AVA,BPAT,BPAT-AVA,3844460.0,5609709.0,3844460.0,keep,1765249.0,0.3869222103947907,4727084.5,3844460.0,BPAT,AVA
142,AVA,CHPD,AVA-CHPD,-90702.0,AVA,CHPD,CHPD-AVA,90704.0,90702.0,90704.0,keep,-2.0,2.2049987323913278e-05,90703.0,90703.0,CHPD,AVA
155,AVA,GCPD,AVA-GCPD,26768.0,AVA,GCPD,GCPD-AVA,-26768.0,26768.0,26768.0,keep,0.0,0.0,26768.0,26768.0,AVA,GCPD
165,AVA,IPCO,AVA-IPCO,1108770.0,AVA,IPCO,IPCO-AVA,-1104265.0,1108770.0,1104265.0,keep,4505.0,0.0040713487753319955,1106517.5,1106517.5,AVA,IPCO
173,AVA,NWMT,AVA-NWMT,-556532.0,AVA,NWMT,NWMT-AVA,557598.0,556532.0,557598.0,keep,-1066.0,0.0019136024986108335,557065.0,557065.0,NWMT,AVA
177,AVA,PACW,AVA-PACW,138704.0,AVA,PACW,PACW-AVA,-138704.0,138704.0,138704.0,keep,0.0,0.0,138704.0,138704.0,AVA,PACW
211,AZPS,CISO,AZPS-CISO,8575666.0,AZPS,CISO,CISO-AZPS,-8749774.0,8575666.0,8749774.0,keep,-174108.0,0.020100567092041277,8662720.0,8662720.0,AZPS,CISO
227,AZPS,GRMA,AZPS-GRMA,-6969495.0,AZPS,GRMA,GRMA-AZPS,6976499.0,6969495.0,6976499.0,keep,-7004.0,0.0010044464046959911,6972997.0,6972997.0,GRMA,AZPS
232,AZPS,IID,AZPS-IID,-174349.0,AZPS,IID,IID-AZPS,170472.0,174349.0,170472.0,keep,3877.0,0.022489872596030358,172410.5,172410.5,IID,AZPS
236,AZPS,LDWP,AZPS-LDWP,5597768.0,AZPS,LDWP,LDWP-AZPS,-38322.0,5597768.0,38322.0,keep,5559446.0,73.03253548584154,2818045.0,5597768.0,AZPS,LDWP
244,AZPS,PACE,AZPS-PACE,-2335997.0,AZPS,PACE,PACE-AZPS,2331717.0,2335997.0,2331717.0,keep,4280.0,0.001833875682406394,2333857.0,2333857.0,PACE,AZPS
248,AZPS,PNM,AZPS-PNM,1892643.0,AZPS,PNM,PNM-AZPS,-1894779.0,1892643.0,1894779.0,keep,-2136.0,0.001127944379784307,1893711.0,1893711.0,AZPS,PNM
258,AZPS,SRP,AZPS-SRP,5932813.0,AZPS,SRP,SRP-AZPS,-5942569.0,5932813.0,5942569.0,keep,-9756.0,0.001643064043660214,5937691.0,5937691.0,AZPS,SRP
262,AZPS,TEPC,AZPS-TEPC,2927763.0,AZPS,TEPC,TEPC-AZPS,-2807864.0,2927763.0,2807864.0,keep,119899.0,0.04182678451963212,2867813.5,2867813.5,AZPS,TEPC
266,AZPS,WACM,AZPS-WACM,-2483342.0,AZPS,WACM,WACM-AZPS,2485776.0,2483342.0,2485776.0,keep,-2434.0,0.0009796509497206896,2484559.0,2484559.0,WACM,AZPS
267,AZPS,WALC,AZPS-WALC,6612865.0,AZPS,WALC,WALC-AZPS,-6619102.0,6612865.0,6619102.0,keep,-6237.0,0.0009427171917417154,6615983.5,6615983.5,AZPS,WALC
277,BANC,BPAT,BANC-BPAT,-8648264.0,BANC,BPAT,BPAT-BANC,8648260.0,8648264.0,8648260.0,keep,4.0,4.625206775910051e-07,8648262.0,8648262.0,BPAT,BANC
279,BANC,CISO,BANC-CISO,4138364.0,BANC,CISO,CISO-BANC,-4349239.0,4138364.0,4349239.0,keep,-210875.0,0.04972081014653662,4243801.5,4243801.5,BANC,CISO
331,BANC,TIDC,BANC-TIDC,156413.0,BANC,TIDC,TIDC-BANC,-157879.0,156413.0,157879.0,keep,-1466.0,0.009329107305455497,157146.0,157146.0,BANC,TIDC
342,BPAT,AVA,BPAT-AVA,3844460.0,BPAT,AVA,AVA-BPAT,-5609709.0,3844460.0,5609709.0,keep,-1765249.0,0.3869222103947907,4727084.5,3844460.0,BPAT,AVA
344,BPAT,BANC,BPAT-BANC,8648260.0,BPAT,BANC,BANC-BPAT,-8648264.0,8648260.0,8648264.0,keep,-4.0,4.625206775910051e-07,8648262.0,8648262.0,BPAT,BANC
346,BPAT,CHPD,BPAT-CHPD,-5755640.0,BPAT,CHPD,CHPD-BPAT,5735195.0,5755640.0,5735195.0,keep,20445.0,0.003558499399414383,5745417.5,5745417.5,CHPD,BPAT
347,BPAT,CISO,BPAT-CISO,16844266.0,BPAT,CISO,CISO-BPAT,-16844266.0,16844266.0,16844266.0,keep,0.0,0.0,16844266.0,16844266.0,BPAT,CISO
351,BPAT,DOPD,BPAT-DOPD,-2868335.0,BPAT,DOPD,DOPD-BPAT,2722255.0,2868335.0,2722255.0,keep,146080.0,0.052294947510701684,2795295.0,2795295.0,DOPD,BPAT
359,BPAT,GCPD,BPAT-GCPD,-4898153.0,BPAT,GCPD,GCPD-BPAT,4873389.0,4898153.0,4873389.0,keep,24764.0,0.005068628687660448,4885771.0,4885771.0,GCPD,BPAT
360,BPAT,GRID,BPAT-GRID,-3166234.0,BPAT,GRID,GRID-BPAT,3166260.0,3166234.0,3166260.0,keep,-26.0,8.211614570929893e-06,3166247.0,3166247.0,GRID,BPAT
369,BPAT,IPCO,BPAT-IPCO,70347.0,BPAT,IPCO,IPCO-BPAT,-203762.0,70347.0,203762.0,keep,-133415.0,1.275643099305448,137054.5,70347.0,BPAT,IPCO
372,BPAT,LDWP,BPAT-LDWP,15466244.0,BPAT,LDWP,LDWP-BPAT,-78337.0,15466244.0,78337.0,keep,15387907.0,98.71355311470612,7772290.5,15466244.0,BPAT,LDWP
375,BPAT,NEVP,BPAT-NEVP,798254.0,BPAT,NEVP,NEVP-BPAT,-797690.0,798254.0,797690.0,keep,564.0,0.0007067918052728328,797972.0,797972.0,BPAT,NEVP
377,BPAT,NWMT,BPAT-NWMT,-6744331.0,BPAT,NWMT,NWMT-BPAT,6783464.0,6744331.0,6783464.0,keep,-39133.0,0.005785618051673269,6763897.5,6763897.5,NWMT,BPAT
381,BPAT,PACW,BPAT-PACW,8980775.0,BPAT,PACW,PACW-BPAT,-8980815.0,8980775.0,8980815.0,keep,-40.0,4.4539486760419855e-06,8980795.0,8980795.0,BPAT,PACW
382,BPAT,PGE,BPAT-PGE,9159798.0,BPAT,PGE,PGE-BPAT,-13095059.0,9159798.0,13095059.0,keep,-3935261.0,0.36506903523079826,11127428.5,9159798.0,BPAT,PGE
386,BPAT,PSEI,BPAT-PSEI,15142195.0,BPAT,PSEI,PSEI-BPAT,-15142194.0,15142195.0,15142194.0,keep,1.0,6.604062569026681e-08,15142194.5,15142194.5,BPAT,PSEI
389,BPAT,SCL,BPAT-SCL,2800753.0,BPAT,SCL,SCL-BPAT,-2731630.0,2800753.0,2731630.0,keep,69123.0,0.0249924100434622,2766191.5,2766191.5,BPAT,SCL
400,BPAT,TPWR,BPAT-TPWR,2048182.0,BPAT,TPWR,TPWR-BPAT,-2062607.0,2048182.0,2062607.0,keep,-14425.0,0.007018203865158501,2055394.5,2055394.5,BPAT,TPWR
410,CHPD,AVA,CHPD-AVA,90704.0,CHPD,AVA,AVA-CHPD,-90702.0,90704.0,90702.0,keep,2.0,2.2049987323913278e-05,90703.0,90703.0,CHPD,AVA
413,CHPD,BPAT,CHPD-BPAT,5735195.0,CHPD,BPAT,BPAT-CHPD,-5755640.0,5735195.0,5755640.0,keep,-20445.0,0.003558499399414383,5745417.5,5745417.5,CHPD,BPAT
479,CISO,AZPS,CISO-AZPS,-8749774.0,CISO,AZPS,AZPS-CISO,8575666.0,8749774.0,8575666.0,keep,174108.0,0.020100567092041277,8662720.0,8662720.0,AZPS,CISO
480,CISO,BANC,CISO-BANC,-4349239.0,CISO,BANC,BANC-CISO,4138364.0,4349239.0,4138364.0,keep,210875.0,0.04972081014653662,4243801.5,4243801.5,BANC,CISO
481,CISO,BPAT,CISO-BPAT,-16844266.0,CISO,BPAT,BPAT-CISO,16844266.0,16844266.0,16844266.0,keep,0.0,0.0,16844266.0,16844266.0,BPAT,CISO
504,CISO,IID,CISO-IID,-1891431.0,CISO,IID,IID-CISO,1595143.0,1891431.0,1595143.0,keep,296288.0,0.17119569083802705,1743287.0,1743287.0,IID,CISO
508,CISO,LDWP,CISO-LDWP,-21604705.0,CISO,LDWP,LDWP-CISO,141853.0,21604705.0,141853.0,keep,21462852.0,76.14845514771162,10873279.0,141853.0,LDWP,CISO
511,CISO,NEVP,CISO-NEVP,731798.0,CISO,NEVP,NEVP-CISO,-731637.0,731798.0,731637.0,keep,161.0,0.00022003027390843366,731717.5,731717.5,CISO,NEVP
517,CISO,PACW,CISO-PACW,-431593.0,CISO,PACW,PACW-CISO,431584.0,431593.0,431584.0,keep,9.0,2.0853196971148957e-05,431588.5,431588.5,PACW,CISO
530,CISO,SRP,CISO-SRP,-10960924.0,CISO,SRP,SRP-CISO,10960924.0,10960924.0,10960924.0,keep,0.0,0.0,10960924.0,10960924.0,SRP,CISO
535,CISO,TIDC,CISO-TIDC,898431.0,CISO,TIDC,TIDC-CISO,-896640.0,898431.0,896640.0,keep,1791.0,0.0019954662326865935,897535.5,897535.5,CISO,TIDC
539,CISO,WALC,CISO-WALC,-1712855.0,CISO,WALC,WALC-CISO,1712785.0,1712855.0,1712785.0,keep,70.0,4.0868275726080316e-05,1712820.0,1712820.0,WALC,CISO
556,CPLE,DUK,CPLE-DUK,-798070.0,CPLE,DUK,DUK-CPLE,784176.0,798070.0,784176.0,keep,13894.0,0.017563730846881176,791123.0,791123.0,DUK,CPLE
587,CPLE,PJM,CPLE-PJM,4645843.0,CPLE,PJM,PJM-CPLE,-5409651.0,4645843.0,5409651.0,keep,-763808.0,0.15280017133710566,5027747.0,5027747.0,CPLE,PJM
591,CPLE,SC,CPLE-SC,1271410.0,CPLE,SC,SC-CPLE,-1157285.0,1271410.0,1157285.0,keep,114125.0,0.0941884882777222,1214347.5,1214347.5,CPLE,SC
592,CPLE,SCEG,CPLE-SCEG,-872820.0,CPLE,SCEG,SCEG-CPLE,872493.0,872820.0,872493.0,keep,327.0,0.0003747179004325307,872656.5,872656.5,SCEG,CPLE
611,CPLE,YAD,CPLE-YAD,-14057.0,CPLE,YAD,YAD-CPLE,6501.0,14057.0,6501.0,keep,7556.0,0.8499042567991002,10279.0,6501.0,YAD,CPLE
624,CPLW,DUK,CPLW-DUK,-1665527.0,CPLW,DUK,DUK-CPLW,1665519.0,1665527.0,1665519.0,keep,8.0,4.803296021704817e-06,1665523.0,1665523.0,DUK,CPLW
655,CPLW,PJM,CPLW-PJM,-1186199.0,CPLW,PJM,PJM-CPLW,1184387.0,1186199.0,1184387.0,keep,1812.0,0.0015287368259804257,1185293.0,1185293.0,PJM,CPLW
673,CPLW,TVA,CPLW-TVA,-331432.0,CPLW,TVA,TVA-CPLW,331417.0,331432.0,331417.0,keep,15.0,4.525917669839785e-05,331424.5,331424.5,TVA,CPLW
734,DEAA,SRP,DEAA-SRP,1881234.0,DEAA,SRP,SRP-DEAA,-1881234.0,1881234.0,1881234.0,keep,0.0,0.0,1881234.0,1881234.0,DEAA,SRP
753,DOPD,BPAT,DOPD-BPAT,2722255.0,DOPD,BPAT,BPAT-DOPD,-2868335.0,2722255.0,2868335.0,keep,-146080.0,0.052294947510701684,2795295.0,2795295.0,DOPD,BPAT
824,DUK,CPLE,DUK-CPLE,784176.0,DUK,CPLE,CPLE-DUK,-798070.0,784176.0,798070.0,keep,-13894.0,0.017563730846881176,791123.0,791123.0,DUK,CPLE
825,DUK,CPLW,DUK-CPLW,1665519.0,DUK,CPLW,CPLW-DUK,-1665527.0,1665519.0,1665527.0,keep,-8.0,4.803296021704817e-06,1665523.0,1665523.0,DUK,CPLW
859,DUK,PJM,DUK-PJM,2835188.0,DUK,PJM,PJM-DUK,-2650990.0,2835188.0,2650990.0,keep,184198.0,0.06722562636832885,2743089.0,2743089.0,DUK,PJM
863,DUK,SC,DUK-SC,-2716836.0,DUK,SC,SC-DUK,2690649.0,2716836.0,2690649.0,keep,26187.0,0.009685690909282452,2703742.5,2703742.5,SC,DUK
864,DUK,SCEG,DUK-SCEG,-1139232.0,DUK,SCEG,SCEG-DUK,1143206.0,1139232.0,1143206.0,keep,-3974.0,0.003482251914157075,1141219.0,1141219.0,SCEG,DUK
868,DUK,SOCO,DUK-SOCO,1538424.0,DUK,SOCO,SOCO-DUK,-1476284.0,1538424.0,1476284.0,keep,62140.0,0.0412420787656797,1507354.0,1507354.0,DUK,SOCO
877,DUK,TVA,DUK-TVA,-921325.0,DUK,TVA,TVA-DUK,921395.0,921325.0,921395.0,keep,-70.0,7.597464628483763e-05,921360.0,921360.0,TVA,DUK
883,DUK,YAD,DUK-YAD,-707659.0,DUK,YAD,YAD-DUK,664570.0,707659.0,664570.0,keep,43089.0,0.06286345493906909,686114.5,686114.5,YAD,DUK
917,EEI,LGEE,EEI-LGEE,1421837.0,EEI,LGEE,LGEE-EEI,-1421839.0,1421837.0,1421839.0,keep,-2.0,1.4066300099147e-06,1421838.0,1421838.0,EEI,LGEE
918,EEI,MISO,EEI-MISO,2130762.0,EEI,MISO,MISO-EEI,-2102957.0,2130762.0,2102957.0,keep,27805.0,0.013135590407822528,2116859.5,2116859.5,EEI,MISO
945,EEI,TVA,EEI-TVA,-446490.0,EEI,TVA,TVA-EEI,445063.0,446490.0,445063.0,keep,1427.0,0.003201163937014695,445776.5,445776.5,TVA,EEI
996,EPE,PNM,EPE-PNM,-1846464.0,EPE,PNM,PNM-EPE,1847003.0,1846464.0,1847003.0,keep,-539.0,0.00029186669948794153,1846733.5,1846733.5,PNM,EPE
1007,EPE,SWPP,EPE-SWPP,-85626.0,EPE,SWPP,SWPP-EPE,85620.0,85626.0,85620.0,keep,6.0,7.007462956637456e-05,85623.0,85623.0,SWPP,EPE
1010,EPE,TEPC,EPE-TEPC,-2663289.0,EPE,TEPC,TEPC-EPE,2556811.0,2663289.0,2556811.0,keep,106478.0,0.04081236769610325,2610050.0,2610050.0,TEPC,EPE
1075,ERCO,SWPP,ERCO-SWPP,98336.0,ERCO,SWPP,SWPP-ERCO,-94644.0,98336.0,94644.0,keep,3692.0,0.03827704240693536,96490.0,96490.0,ERCO,SWPP
1105,FMPP,FPC,FMPP-FPC,3855904.0,FMPP,FPC,FPC-FMPP,-3956126.0,3855904.0,3956126.0,keep,-100222.0,0.025662599365313177,3906015.0,3906015.0,FMPP,FPC
1106,FMPP,FPL,FMPP-FPL,-2797034.0,FMPP,FPL,FPL-FMPP,2866856.0,2797034.0,2866856.0,keep,-69822.0,0.024658887227995863,2831945.0,2831945.0,FPL,FMPP
1119,FMPP,JEA,FMPP-JEA,-572125.0,FMPP,JEA,JEA-FMPP,581739.0,572125.0,581739.0,keep,-9614.0,0.016665165864112763,576932.0,576932.0,JEA,FMPP
1145,FMPP,TEC,FMPP-TEC,-1356972.0,FMPP,TEC,TEC-FMPP,1397560.0,1356972.0,1397560.0,keep,-40588.0,0.029476378838123762,1377266.0,1377266.0,TEC,FMPP
1172,FPC,FMPP,FPC-FMPP,-3956126.0,FPC,FMPP,FMPP-FPC,3855904.0,3956126.0,3855904.0,keep,100222.0,0.025662599365313177,3906015.0,3906015.0,FMPP,FPC
1174,FPC,FPL,FPC-FPL,-3988730.0,FPC,FPL,FPL-FPC,3918774.0,3988730.0,3918774.0,keep,69956.0,0.01769495799916515,3953752.0,3953752.0,FPL,FPC
1180,FPC,GVL,FPC-GVL,-28693.0,FPC,GVL,GVL-FPC,30077.0,28693.0,30077.0,keep,-1384.0,0.04712499433704681,29385.0,29385.0,GVL,FPC
1192,FPC,NSB,FPC-NSB,179560.0,FPC,NSB,NSB-FPC,-176949.0,179560.0,176949.0,keep,2611.0,0.014648382264603188,178254.5,178254.5,FPC,NSB
1206,FPC,SEC,FPC-SEC,-4134693.0,FPC,SEC,SEC-FPC,3772395.0,4134693.0,3772395.0,keep,362298.0,0.09183158574199707,3953544.0,3953544.0,SEC,FPC
1208,FPC,SOCO,FPC-SOCO,-1986856.0,FPC,SOCO,SOCO-FPC,1958071.0,1986856.0,1958071.0,keep,28785.0,0.014594202961500324,1972463.5,1972463.5,SOCO,FPC
1212,FPC,TAL,FPC-TAL,-846015.0,FPC,TAL,TAL-FPC,846461.0,846015.0,846461.0,keep,-446.0,0.0005270385293159596,846238.0,846238.0,TAL,FPC
1213,FPC,TEC,FPC-TEC,1177687.0,FPC,TEC,TEC-FPC,-1181247.0,1177687.0,1181247.0,keep,-3560.0,0.003018319383336465,1179467.0,1179467.0,FPC,TEC
1240,FPL,FMPP,FPL-FMPP,2866856.0,FPL,FMPP,FMPP-FPL,-2797034.0,2866856.0,2797034.0,keep,69822.0,0.024658887227995863,2831945.0,2831945.0,FPL,FMPP
1241,FPL,FPC,FPL-FPC,3918774.0,FPL,FPC,FPC-FPL,-3988730.0,3918774.0,3988730.0,keep,-69956.0,0.01769495799916515,3953752.0,3953752.0,FPL,FPC
1248,FPL,GVL,FPL-GVL,483747.0,FPL,GVL,GVL-FPL,-493063.0,483747.0,493063.0,keep,-9316.0,0.019076068913380928,488405.0,488405.0,FPL,GVL
1251,FPL,HST,FPL-HST,531444.0,FPL,HST,HST-FPL,-490556.0,531444.0,490556.0,keep,40888.0,0.08014393606790221,511000.0,511000.0,FPL,HST
1260,FPL,NSB,FPL-NSB,248655.0,FPL,NSB,NSB-FPL,-249109.0,248655.0,249109.0,keep,-454.0,0.0018241591504301602,248882.0,248882.0,FPL,NSB
1274,FPL,SEC,FPL-SEC,-5777680.0,FPL,SEC,SEC-FPL,5828794.0,5777680.0,5828794.0,keep,-51114.0,0.008808013760413513,5803237.0,5803237.0,SEC,FPL
1276,FPL,SOCO,FPL-SOCO,-5185330.0,FPL,SOCO,SOCO-FPL,5095641.0,5185330.0,5095641.0,keep,89689.0,0.01744890171409119,5140485.5,5140485.5,SOCO,FPL
1281,FPL,TEC,FPL-TEC,-1720510.0,FPL,TEC,TEC-FPL,1750516.0,1720510.0,1750516.0,keep,-30006.0,0.017290704560746162,1735513.0,1735513.0,TEC,FPL
1294,GCPD,AVA,GCPD-AVA,-26768.0,GCPD,AVA,AVA-GCPD,26768.0,26768.0,26768.0,keep,0.0,0.0,26768.0,26768.0,AVA,GCPD
1297,GCPD,BPAT,GCPD-BPAT,4873389.0,GCPD,BPAT,BPAT-GCPD,-4898153.0,4873389.0,4898153.0,keep,-24764.0,0.005068628687660448,4885771.0,4885771.0,GCPD,BPAT
1333,GCPD,PACW,GCPD-PACW,1435037.0,GCPD,PACW,PACW-GCPD,-1435037.0,1435037.0,1435037.0,keep,0.0,0.0,1435037.0,1435037.0,GCPD,PACW
1338,GCPD,PSEI,GCPD-PSEI,-837375.0,GCPD,PSEI,PSEI-GCPD,896378.0,837375.0,896378.0,keep,-59003.0,0.06814282653319631,866876.5,866876.5,PSEI,GCPD
1365,GRID,BPAT,GRID-BPAT,3166260.0,GRID,BPAT,BPAT-GRID,-3166234.0,3166260.0,3166234.0,keep,26.0,8.211614570929893e-06,3166247.0,3166247.0,GRID,BPAT
1491,GRIF,WALC,GRIF-WALC,2075861.0,GRIF,WALC,WALC-GRIF,-2075863.0,2075861.0,2075863.0,keep,-2.0,9.634551815240755e-07,2075862.0,2075862.0,GRIF,WALC
1567,GRMA,AZPS,GRMA-AZPS,6976499.0,GRMA,AZPS,AZPS-GRMA,-6969495.0,6976499.0,6969495.0,keep,7004.0,0.0010044464046959911,6972997.0,6972997.0,GRMA,AZPS
1649,GVL,FPC,GVL-FPC,30077.0,GVL,FPC,FPC-GVL,-28693.0,30077.0,28693.0,keep,1384.0,0.04712499433704681,29385.0,29385.0,GVL,FPC
1650,GVL,FPL,GVL-FPL,-493063.0,GVL,FPL,FPL-GVL,483747.0,493063.0,483747.0,keep,9316.0,0.019076068913380928,488405.0,488405.0,FPL,GVL
1737,GWA,NWMT,GWA-NWMT,570331.0,GWA,NWMT,NWMT-GWA,-574748.0,570331.0,574748.0,keep,-4417.0,0.007714866350806482,572539.5,572539.5,GWA,NWMT
1822,HGMA,SRP,HGMA-SRP,3357398.0,HGMA,SRP,SRP-HGMA,-3357397.0,3357398.0,3357397.0,keep,1.0,2.978497482541975e-07,3357397.5,3357397.5,HGMA,SRP
1854,HST,FPL,HST-FPL,-490556.0,HST,FPL,FPL-HST,531444.0,490556.0,531444.0,keep,-40888.0,0.08014393606790221,511000.0,511000.0,FPL,HST
1907,IID,AZPS,IID-AZPS,170472.0,IID,AZPS,AZPS-IID,-174349.0,170472.0,174349.0,keep,-3877.0,0.022489872596030358,172410.5,172410.5,IID,AZPS
1911,IID,CISO,IID-CISO,1595143.0,IID,CISO,CISO-IID,-1891431.0,1595143.0,1891431.0,keep,-296288.0,0.17119569083802705,1743287.0,1743287.0,IID,CISO
1967,IID,WALC,IID-WALC,215566.0,IID,WALC,WALC-IID,-221625.0,215566.0,221625.0,keep,-6059.0,0.027723187236429914,218595.5,218595.5,IID,WALC
1974,IPCO,AVA,IPCO-AVA,-1104265.0,IPCO,AVA,AVA-IPCO,1108770.0,1104265.0,1108770.0,keep,-4505.0,0.0040713487753319955,1106517.5,1106517.5,AVA,IPCO
1977,IPCO,BPAT,IPCO-BPAT,-203762.0,IPCO,BPAT,BPAT-IPCO,70347.0,203762.0,70347.0,keep,133415.0,1.275643099305448,137054.5,70347.0,BPAT,IPCO
2007,IPCO,NEVP,IPCO-NEVP,933171.0,IPCO,NEVP,NEVP-IPCO,-937306.0,933171.0,937306.0,keep,-4135.0,0.0044213537060624475,935238.5,935238.5,IPCO,NEVP
2009,IPCO,NWMT,IPCO-NWMT,-100108.0,IPCO,NWMT,NWMT-IPCO,100908.0,100108.0,100908.0,keep,-800.0,0.00795969147865827,100508.0,100508.0,NWMT,IPCO
2012,IPCO,PACE,IPCO-PACE,-6316527.0,IPCO,PACE,PACE-IPCO,6355464.0,6316527.0,6355464.0,keep,-38937.0,0.006145422234327957,6335995.5,6335995.5,PACE,IPCO
2013,IPCO,PACW,IPCO-PACW,1480209.0,IPCO,PACW,PACW-IPCO,-1495618.0,1480209.0,1495618.0,keep,-15409.0,0.010356390449656139,1487913.5,1487913.5,IPCO,PACW
2078,ISNE,NYIS,ISNE-NYIS,-3606354.0,ISNE,NYIS,NYIS-ISNE,3566859.0,3606354.0,3566859.0,keep,39495.0,0.011012135656655986,3586606.5,3586606.5,NYIS,ISNE
2124,JEA,FMPP,JEA-FMPP,581739.0,JEA,FMPP,FMPP-JEA,-572125.0,581739.0,572125.0,keep,9614.0,0.016665165864112763,576932.0,576932.0,JEA,FMPP
2158,JEA,SEC,JEA-SEC,583966.0,JEA,SEC,SEC-JEA,-610745.0,583966.0,610745.0,keep,-26779.0,0.04485178582320276,597355.5,597355.5,JEA,SEC
2179,LDWP,AZPS,LDWP-AZPS,-38322.0,LDWP,AZPS,AZPS-LDWP,5597768.0,38322.0,5597768.0,keep,-5559446.0,73.03253548584154,2818045.0,5597768.0,AZPS,LDWP
2181,LDWP,BPAT,LDWP-BPAT,-78337.0,LDWP,BPAT,BPAT-LDWP,15466244.0,78337.0,15466244.0,keep,-15387907.0,98.71355311470612,7772290.5,15466244.0,BPAT,LDWP
2183,LDWP,CISO,LDWP-CISO,141853.0,LDWP,CISO,CISO-LDWP,-21604705.0,141853.0,21604705.0,keep,-21462852.0,76.14845514771162,10873279.0,141853.0,LDWP,CISO
2211,LDWP,NEVP,LDWP-NEVP,31600.0,LDWP,NEVP,NEVP-LDWP,-5159862.0,31600.0,5159862.0,keep,-5128262.0,81.64032397855219,2595731.0,31600.0,LDWP,NEVP
2216,LDWP,PACE,LDWP-PACE,-10606.0,LDWP,PACE,PACE-LDWP,1458101.0,10606.0,1458101.0,keep,-1447495.0,68.73580301738599,734353.5,1458101.0,PACE,LDWP
2239,LDWP,WALC,LDWP-WALC,-55514.0,LDWP,WALC,WALC-LDWP,8982695.0,55514.0,8982695.0,keep,-8927181.0,80.90168171668786,4519104.5,8982695.0,WALC,LDWP
2257,LGEE,EEI,LGEE-EEI,-1421839.0,LGEE,EEI,EEI-LGEE,1421837.0,1421839.0,1421837.0,keep,2.0,1.4066300099147e-06,1421838.0,1421838.0,EEI,LGEE
2278,LGEE,MISO,LGEE-MISO,299933.0,LGEE,MISO,MISO-LGEE,-323569.0,299933.0,323569.0,keep,-23636.0,0.07592602758289446,311751.0,311751.0,LGEE,MISO
2283,LGEE,OVEC,LGEE-OVEC,1640523.0,LGEE,OVEC,OVEC-LGEE,-571445.0,1640523.0,571445.0,keep,1069078.0,1.2612508619954574,1105984.0,1640523.0,LGEE,OVEC
2287,LGEE,PJM,LGEE-PJM,2838363.0,LGEE,PJM,PJM-LGEE,-2789158.0,2838363.0,2789158.0,keep,49205.0,0.017488610728664367,2813760.5,2813760.5,LGEE,PJM
2305,LGEE,TVA,LGEE-TVA,-1598830.0,LGEE,TVA,TVA-LGEE,1953606.0,1598830.0,1953606.0,keep,-354776.0,0.20174892561644536,1776218.0,1953606.0,TVA,LGEE
2312,MISO,AEC,MISO-AEC,-525480.0,MISO,AEC,AEC-MISO,525715.0,525480.0,525715.0,keep,-235.0,0.00044711021598187184,525597.5,525597.5,AEC,MISO
2313,MISO,AECI,MISO-AECI,-2758147.0,MISO,AECI,AECI-MISO,2769083.0,2758147.0,2769083.0,keep,-10936.0,0.003957151344042564,2763615.0,2763615.0,AECI,MISO
2325,MISO,EEI,MISO-EEI,-2102957.0,MISO,EEI,EEI-MISO,2130762.0,2102957.0,2130762.0,keep,-27805.0,0.013135590407822528,2116859.5,2116859.5,EEI,MISO
2345,MISO,LGEE,MISO-LGEE,-323569.0,MISO,LGEE,LGEE-MISO,299933.0,323569.0,299933.0,keep,23636.0,0.07592602758289446,311751.0,311751.0,LGEE,MISO
2355,MISO,PJM,MISO-PJM,-18243796.0,MISO,PJM,PJM-MISO,21759414.0,18243796.0,21759414.0,keep,-3515618.0,0.17713489457281462,20001605.0,20001605.0,PJM,MISO
2364,MISO,SOCO,MISO-SOCO,-2631582.0,MISO,SOCO,SOCO-MISO,885096.0,2631582.0,885096.0,keep,1746486.0,1.318440187402273,1758339.0,885096.0,SOCO,MISO
2365,MISO,SPA,MISO-SPA,-2277758.0,MISO,SPA,SPA-MISO,2283341.0,2277758.0,2283341.0,keep,-5583.0,0.0024480978663137254,2280549.5,2280549.5,SPA,MISO
2367,MISO,SWPP,MISO-SWPP,-3738027.0,MISO,SWPP,SWPP-MISO,3790228.0,3738027.0,3790228.0,keep,-52201.0,0.013868688021598796,3764127.5,3764127.5,SWPP,MISO
2373,MISO,TVA,MISO-TVA,10218886.0,MISO,TVA,TVA-MISO,-11220607.0,10218886.0,11220607.0,keep,-1001721.0,0.09365077762722385,10719746.5,10719746.5,MISO,TVA
2385,NEVP,BPAT,NEVP-BPAT,-797690.0,NEVP,BPAT,BPAT-NEVP,798254.0,797690.0,798254.0,keep,-564.0,0.0007067918052728328,797972.0,797972.0,BPAT,NEVP
2387,NEVP,CISO,NEVP-CISO,-731637.0,NEVP,CISO,CISO-NEVP,731798.0,731637.0,731798.0,keep,-161.0,0.00022003027390843366,731717.5,731717.5,CISO,NEVP
2409,NEVP,IPCO,NEVP-IPCO,-937306.0,NEVP,IPCO,IPCO-NEVP,933171.0,937306.0,933171.0,keep,4135.0,0.0044213537060624475,935238.5,935238.5,IPCO,NEVP
2412,NEVP,LDWP,NEVP-LDWP,-5159862.0,NEVP,LDWP,LDWP-NEVP,31600.0,5159862.0,31600.0,keep,5128262.0,81.64032397855219,2595731.0,31600.0,LDWP,NEVP
2420,NEVP,PACE,NEVP-PACE,-2083228.0,NEVP,PACE,PACE-NEVP,2079845.0,2083228.0,2079845.0,keep,3383.0,0.0016252428117280449,2081536.5,2081536.5,PACE,NEVP
2443,NEVP,WALC,NEVP-WALC,3672669.0,NEVP,WALC,WALC-NEVP,-3673811.0,3672669.0,3673811.0,keep,-1142.0,0.00031089719909277447,3673240.0,3673240.0,NEVP,WALC
2465,NSB,FPC,NSB-FPC,-176949.0,NSB,FPC,FPC-NSB,179560.0,176949.0,179560.0,keep,-2611.0,0.014648382264603188,178254.5,178254.5,FPC,NSB
2466,NSB,FPL,NSB-FPL,-249109.0,NSB,FPL,FPL-NSB,248655.0,249109.0,248655.0,keep,454.0,0.0018241591504301602,248882.0,248882.0,FPL,NSB
2518,NWMT,AVA,NWMT-AVA,557598.0,NWMT,AVA,AVA-NWMT,-556532.0,557598.0,556532.0,keep,1066.0,0.0019136024986108335,557065.0,557065.0,NWMT,AVA
2521,NWMT,BPAT,NWMT-BPAT,6783464.0,NWMT,BPAT,BPAT-NWMT,-6744331.0,6783464.0,6744331.0,keep,39133.0,0.005785618051673269,6763897.5,6763897.5,NWMT,BPAT
2541,NWMT,GWA,NWMT-GWA,-574748.0,NWMT,GWA,GWA-NWMT,570331.0,574748.0,570331.0,keep,4417.0,0.007714866350806482,572539.5,572539.5,GWA,NWMT
2545,NWMT,IPCO,NWMT-IPCO,100908.0,NWMT,IPCO,IPCO-NWMT,-100108.0,100908.0,100108.0,keep,800.0,0.00795969147865827,100508.0,100508.0,NWMT,IPCO
2556,NWMT,PACE,NWMT-PACE,1177992.0,NWMT,PACE,PACE-NWMT,-1181265.0,1177992.0,1181265.0,keep,-3273.0,0.0027746076830483246,1179628.5,1179628.5,NWMT,PACE
2581,NWMT,WAUW,NWMT-WAUW,1024194.0,NWMT,WAUW,WAUW-NWMT,-1009410.0,1024194.0,1009410.0,keep,14784.0,0.014540472369985014,1016802.0,1016802.0,NWMT,WAUW
2582,NWMT,WWA,NWMT-WWA,-654564.0,NWMT,WWA,WWA-NWMT,652062.0,654564.0,652062.0,keep,2502.0,0.0038297250690650375,653313.0,653313.0,WWA,NWMT
2614,NYIS,ISNE,NYIS-ISNE,3566859.0,NYIS,ISNE,ISNE-NYIS,-3606354.0,3566859.0,3606354.0,keep,-39495.0,0.011012135656655986,3586606.5,3586606.5,NYIS,ISNE
2627,NYIS,PJM,NYIS-PJM,-8376192.0,NYIS,PJM,PJM-NYIS,8620553.0,8376192.0,8620553.0,keep,-244361.0,0.028759802998315875,8498372.5,8498372.5,PJM,NYIS
2685,OVEC,LGEE,OVEC-LGEE,-571445.0,OVEC,LGEE,LGEE-OVEC,1640523.0,571445.0,1640523.0,keep,-1069078.0,1.2612508619954574,1105984.0,1640523.0,LGEE,OVEC
2695,OVEC,PJM,OVEC-PJM,6892843.0,OVEC,PJM,PJM-OVEC,-4891567.0,6892843.0,4891567.0,keep,2001276.0,0.34973447302909794,5892205.0,6892843.0,OVEC,PJM
2723,PACE,AZPS,PACE-AZPS,2331717.0,PACE,AZPS,AZPS-PACE,-2335997.0,2331717.0,2335997.0,keep,-4280.0,0.001833875682406394,2333857.0,2333857.0,PACE,AZPS
2749,PACE,IPCO,PACE-IPCO,6355464.0,PACE,IPCO,IPCO-PACE,-6316527.0,6355464.0,6316527.0,keep,38937.0,0.006145422234327957,6335995.5,6335995.5,PACE,IPCO
2752,PACE,LDWP,PACE-LDWP,1458101.0,PACE,LDWP,LDWP-PACE,-10606.0,1458101.0,10606.0,keep,1447495.0,68.73580301738599,734353.5,1458101.0,PACE,LDWP
2755,PACE,NEVP,PACE-NEVP,2079845.0,PACE,NEVP,NEVP-PACE,-2083228.0,2079845.0,2083228.0,keep,-3383.0,0.0016252428117280449,2081536.5,2081536.5,PACE,NEVP
2757,PACE,NWMT,PACE-NWMT,-1181265.0,PACE,NWMT,NWMT-PACE,1177992.0,1181265.0,1177992.0,keep,3273.0,0.0027746076830483246,1179628.5,1179628.5,NWMT,PACE
2761,PACE,PACW,PACE-PACW,-7530261.0,PACE,PACW,PACW-PACE,7545540.0,7530261.0,7545540.0,keep,-15279.0,0.0020269590575874297,7537900.5,7537900.5,PACW,PACE
2774,PACE,SRP,PACE-SRP,-168882.0,PACE,SRP,SRP-PACE,169413.0,168882.0,169413.0,keep,-531.0,0.0031392796716370186,169147.5,169147.5,SRP,PACE
2782,PACE,WACM,PACE-WACM,-2780278.0,PACE,WACM,WACM-PACE,2294130.0,2780278.0,2294130.0,keep,486148.0,0.1933827106603842,2537204.0,2537204.0,WACM,PACE
2790,PACW,AVA,PACW-AVA,-138704.0,PACW,AVA,AVA-PACW,138704.0,138704.0,138704.0,keep,0.0,0.0,138704.0,138704.0,AVA,PACW
2793,PACW,BPAT,PACW-BPAT,-8980815.0,PACW,BPAT,BPAT-PACW,8980775.0,8980815.0,8980775.0,keep,40.0,4.4539486760419855e-06,8980795.0,8980795.0,BPAT,PACW
2795,PACW,CISO,PACW-CISO,431584.0,PACW,CISO,CISO-PACW,-431593.0,431584.0,431593.0,keep,-9.0,2.0853196971148957e-05,431588.5,431588.5,PACW,CISO
2807,PACW,GCPD,PACW-GCPD,-1435037.0,PACW,GCPD,GCPD-PACW,1435037.0,1435037.0,1435037.0,keep,0.0,0.0,1435037.0,1435037.0,GCPD,PACW
2817,PACW,IPCO,PACW-IPCO,-1495618.0,PACW,IPCO,IPCO-PACW,1480209.0,1495618.0,1480209.0,keep,15409.0,0.010356390449656139,1487913.5,1487913.5,IPCO,PACW
2828,PACW,PACE,PACW-PACE,7545540.0,PACW,PACE,PACE-PACW,-7530261.0,7545540.0,7530261.0,keep,15279.0,0.0020269590575874297,7537900.5,7537900.5,PACW,PACE
2830,PACW,PGE,PACW-PGE,1284710.0,PACW,PGE,PGE-PACW,-1285369.0,1284710.0,1285369.0,keep,-659.0,0.0005128247367707783,1285039.5,1285039.5,PACW,PGE
2861,PGE,BPAT,PGE-BPAT,-13095059.0,PGE,BPAT,BPAT-PGE,9159798.0,13095059.0,9159798.0,keep,3935261.0,0.36506903523079826,11127428.5,9159798.0,BPAT,PGE
2897,PGE,PACW,PGE-PACW,-1285369.0,PGE,PACW,PACW-PGE,1284710.0,1285369.0,1284710.0,keep,659.0,0.0005128247367707783,1285039.5,1285039.5,PACW,PGE
2932,PJM,CPLE,PJM-CPLE,-5409651.0,PJM,CPLE,CPLE-PJM,4645843.0,5409651.0,4645843.0,keep,763808.0,0.15280017133710566,5027747.0,5027747.0,CPLE,PJM
2933,PJM,CPLW,PJM-CPLW,1184387.0,PJM,CPLW,CPLW-PJM,-1186199.0,1184387.0,1186199.0,keep,-1812.0,0.0015287368259804257,1185293.0,1185293.0,PJM,CPLW
2936,PJM,DUK,PJM-DUK,-2650990.0,PJM,DUK,DUK-PJM,2835188.0,2650990.0,2835188.0,keep,-184198.0,0.06722562636832885,2743089.0,2743089.0,DUK,PJM
2957,PJM,LGEE,PJM-LGEE,-2789158.0,PJM,LGEE,LGEE-PJM,2838363.0,2789158.0,2838363.0,keep,-49205.0,0.017488610728664367,2813760.5,2813760.5,LGEE,PJM
2958,PJM,MISO,PJM-MISO,21759414.0,PJM,MISO,MISO-PJM,-18243796.0,21759414.0,18243796.0,keep,3515618.0,0.17713489457281462,20001605.0,20001605.0,PJM,MISO
2962,PJM,NYIS,PJM-NYIS,8620553.0,PJM,NYIS,NYIS-PJM,-8376192.0,8620553.0,8376192.0,keep,244361.0,0.028759802998315875,8498372.5,8498372.5,PJM,NYIS
2963,PJM,OVEC,PJM-OVEC,-4891567.0,PJM,OVEC,OVEC-PJM,6892843.0,4891567.0,6892843.0,keep,-2001276.0,0.34973447302909794,5892205.0,6892843.0,OVEC,PJM
2985,PJM,TVA,PJM-TVA,-6669375.0,PJM,TVA,TVA-PJM,5865517.0,6669375.0,5865517.0,keep,803858.0,0.12878892077603465,6267446.0,6267446.0,TVA,PJM
2995,PNM,AZPS,PNM-AZPS,-1894779.0,PNM,AZPS,AZPS-PNM,1892643.0,1894779.0,1892643.0,keep,2136.0,0.001127944379784307,1893711.0,1893711.0,AZPS,PNM
3006,PNM,EPE,PNM-EPE,1847003.0,PNM,EPE,EPE-PNM,-1846464.0,1847003.0,1846464.0,keep,539.0,0.00029186669948794153,1846733.5,1846733.5,PNM,EPE
3037,PNM,PSCO,PNM-PSCO,-1053420.0,PNM,PSCO,PSCO-PNM,1037824.0,1053420.0,1037824.0,keep,15596.0,0.014916353586582387,1045622.0,1045622.0,PSCO,PNM
3047,PNM,SWPP,PNM-SWPP,-11540.0,PNM,SWPP,SWPP-PNM,11548.0,11540.0,11548.0,keep,-8.0,0.0006930007762041557,11544.0,11544.0,SWPP,PNM
3050,PNM,TEPC,PNM-TEPC,1392374.0,PNM,TEPC,TEPC-PNM,-1080363.0,1392374.0,1080363.0,keep,312011.0,0.2564438154653925,1236368.5,1392374.0,PNM,TEPC
3054,PNM,WACM,PNM-WACM,1964811.0,PNM,WACM,WACM-PNM,-1965122.0,1964811.0,1965122.0,keep,-311.0,0.00015827241937593772,1964966.5,1964966.5,PNM,WACM
3104,PSCO,PNM,PSCO-PNM,1037824.0,PSCO,PNM,PNM-PSCO,-1053420.0,1037824.0,1053420.0,keep,-15596.0,0.014916353586582387,1045622.0,1045622.0,PSCO,PNM
3115,PSCO,SWPP,PSCO-SWPP,-23953.0,PSCO,SWPP,SWPP-PSCO,23987.0,23953.0,23987.0,keep,-34.0,0.0014184404297774011,23970.0,23970.0,SWPP,PSCO
3122,PSCO,WACM,PSCO-WACM,-6163487.0,PSCO,WACM,WACM-PSCO,6249495.0,6163487.0,6249495.0,keep,-86008.0,0.01385841522735054,6206491.0,6206491.0,WACM,PSCO
3133,PSEI,BPAT,PSEI-BPAT,-15142194.0,PSEI,BPAT,BPAT-PSEI,15142195.0,15142194.0,15142195.0,keep,-1.0,6.604062569026681e-08,15142194.5,15142194.5,BPAT,PSEI
3147,PSEI,GCPD,PSEI-GCPD,896378.0,PSEI,GCPD,GCPD-PSEI,-837375.0,896378.0,837375.0,keep,59003.0,0.06814282653319631,866876.5,866876.5,PSEI,GCPD
3177,PSEI,SCL,PSEI-SCL,18296.0,PSEI,SCL,SCL-PSEI,-14977.0,18296.0,14977.0,keep,3319.0,0.2015061174985145,16636.5,18296.0,PSEI,SCL
3188,PSEI,TPWR,PSEI-TPWR,-416499.0,PSEI,TPWR,TPWR-PSEI,413158.0,416499.0,413158.0,keep,3341.0,0.008054061329050677,414828.5,414828.5,TPWR,PSEI
3204,SC,CPLE,SC-CPLE,-1157285.0,SC,CPLE,CPLE-SC,1271410.0,1157285.0,1271410.0,keep,-114125.0,0.0941884882777222,1214347.5,1214347.5,CPLE,SC
3208,SC,DUK,SC-DUK,2690649.0,SC,DUK,DUK-SC,-2716836.0,2690649.0,2716836.0,keep,-26187.0,0.009685690909282452,2703742.5,2703742.5,SC,DUK
3244,SC,SCEG,SC-SCEG,-4026201.0,SC,SCEG,SCEG-SC,4313920.0,4026201.0,4313920.0,keep,-287719.0,0.06907857318362648,4170060.5,4170060.5,SCEG,SC
3247,SC,SEPA,SC-SEPA,-30588.0,SC,SEPA,SEPA-SC,64041.0,30588.0,64041.0,keep,-33453.0,0.8080163323614727,47314.5,64041.0,SEPA,SC
3248,SC,SOCO,SC-SOCO,-3528949.0,SC,SOCO,SOCO-SC,3528732.0,3528949.0,3528732.0,keep,217.0,6.149328659238451e-05,3528840.5,3528840.5,SOCO,SC
3272,SCEG,CPLE,SCEG-CPLE,872493.0,SCEG,CPLE,CPLE-SCEG,-872820.0,872493.0,872820.0,keep,-327.0,0.0003747179004325307,872656.5,872656.5,SCEG,CPLE
3276,SCEG,DUK,SCEG-DUK,1143206.0,SCEG,DUK,DUK-SCEG,-1139232.0,1143206.0,1139232.0,keep,3974.0,0.003482251914157075,1141219.0,1141219.0,SCEG,DUK
3311,SCEG,SC,SCEG-SC,4313920.0,SCEG,SC,SC-SCEG,-4026201.0,4313920.0,4026201.0,keep,287719.0,0.06907857318362648,4170060.5,4170060.5,SCEG,SC
3315,SCEG,SEPA,SCEG-SEPA,241005.0,SCEG,SEPA,SEPA-SCEG,-178737.0,241005.0,178737.0,keep,62268.0,0.3033729338841411,209871.0,241005.0,SCEG,SEPA
3316,SCEG,SOCO,SCEG-SOCO,-4370178.0,SCEG,SOCO,SOCO-SCEG,4221743.0,4370178.0,4221743.0,keep,148435.0,0.03456254212383353,4295960.5,4295960.5,SOCO,SCEG
3337,SCL,BPAT,SCL-BPAT,-2731630.0,SCL,BPAT,BPAT-SCL,2800753.0,2731630.0,2800753.0,keep,-69123.0,0.0249924100434622,2766191.5,2766191.5,BPAT,SCL
3378,SCL,PSEI,SCL-PSEI,-14977.0,SCL,PSEI,PSEI-SCL,18296.0,14977.0,18296.0,keep,-3319.0,0.2015061174985145,16636.5,18296.0,PSEI,SCL
3417,SEC,FPC,SEC-FPC,3772395.0,SEC,FPC,FPC-SEC,-4134693.0,3772395.0,4134693.0,keep,-362298.0,0.09183158574199707,3953544.0,3953544.0,SEC,FPC
3418,SEC,FPL,SEC-FPL,5828794.0,SEC,FPL,FPL-SEC,-5777680.0,5828794.0,5777680.0,keep,51114.0,0.008808013760413513,5803237.0,5803237.0,SEC,FPL
3431,SEC,JEA,SEC-JEA,-610745.0,SEC,JEA,JEA-SEC,583966.0,610745.0,583966.0,keep,26779.0,0.04485178582320276,597355.5,597355.5,JEA,SEC
3457,SEC,TEC,SEC-TEC,766859.0,SEC,TEC,TEC-SEC,-767068.0,766859.0,767068.0,keep,-209.0,0.00027250319458488326,766963.5,766963.5,SEC,TEC
3515,SEPA,SC,SEPA-SC,64041.0,SEPA,SC,SC-SEPA,-30588.0,64041.0,30588.0,keep,33453.0,0.8080163323614727,47314.5,64041.0,SEPA,SC
3516,SEPA,SCEG,SEPA-SCEG,-178737.0,SEPA,SCEG,SCEG-SEPA,241005.0,178737.0,241005.0,keep,-62268.0,0.3033729338841411,209871.0,241005.0,SCEG,SEPA
3520,SEPA,SOCO,SEPA-SOCO,1173937.0,SEPA,SOCO,SOCO-SEPA,-1526880.0,1173937.0,1526880.0,keep,-352943.0,0.2659010414972892,1350408.5,1173937.0,SEPA,SOCO
3536,SOCO,AEC,SOCO-AEC,-555460.0,SOCO,AEC,AEC-SOCO,582387.0,555460.0,582387.0,keep,-26927.0,0.047356258390403416,568923.5,568923.5,AEC,SOCO
3548,SOCO,DUK,SOCO-DUK,-1476284.0,SOCO,DUK,DUK-SOCO,1538424.0,1476284.0,1538424.0,keep,-62140.0,0.0412420787656797,1507354.0,1507354.0,DUK,SOCO
3553,SOCO,FPC,SOCO-FPC,1958071.0,SOCO,FPC,FPC-SOCO,-1986856.0,1958071.0,1986856.0,keep,-28785.0,0.014594202961500324,1972463.5,1972463.5,SOCO,FPC
3554,SOCO,FPL,SOCO-FPL,5095641.0,SOCO,FPL,FPL-SOCO,-5185330.0,5095641.0,5185330.0,keep,-89689.0,0.01744890171409119,5140485.5,5140485.5,SOCO,FPL
3570,SOCO,MISO,SOCO-MISO,885096.0,SOCO,MISO,MISO-SOCO,-2631582.0,885096.0,2631582.0,keep,-1746486.0,1.318440187402273,1758339.0,885096.0,SOCO,MISO
3583,SOCO,SC,SOCO-SC,3528732.0,SOCO,SC,SC-SOCO,-3528949.0,3528732.0,3528949.0,keep,-217.0,6.149328659238451e-05,3528840.5,3528840.5,SOCO,SC
3584,SOCO,SCEG,SOCO-SCEG,4221743.0,SOCO,SCEG,SCEG-SOCO,-4370178.0,4221743.0,4370178.0,keep,-148435.0,0.03456254212383353,4295960.5,4295960.5,SOCO,SCEG
3587,SOCO,SEPA,SOCO-SEPA,-1526880.0,SOCO,SEPA,SEPA-SOCO,1173937.0,1526880.0,1173937.0,keep,352943.0,0.2659010414972892,1350408.5,1173937.0,SEPA,SOCO
3592,SOCO,TAL,SOCO-TAL,1017231.0,SOCO,TAL,TAL-SOCO,-1041596.0,1017231.0,1041596.0,keep,-24365.0,0.02367213260256501,1029413.5,1029413.5,SOCO,TAL
3597,SOCO,TVA,SOCO-TVA,-3766216.0,SOCO,TVA,TVA-SOCO,3963310.0,3766216.0,3963310.0,keep,-197094.0,0.05103087360294789,3864763.0,3864763.0,TVA,SOCO
3605,SPA,AECI,SPA-AECI,1478802.0,SPA,AECI,AECI-SPA,-1478802.0,1478802.0,1478802.0,keep,0.0,0.0,1478802.0,1478802.0,SPA,AECI
3638,SPA,MISO,SPA-MISO,2283341.0,SPA,MISO,MISO-SPA,-2277758.0,2283341.0,2277758.0,keep,5583.0,0.0024480978663137254,2280549.5,2280549.5,SPA,MISO
3659,SPA,SWPP,SPA-SWPP,2007293.0,SPA,SWPP,SWPP-SPA,-1997869.0,2007293.0,1997869.0,keep,9424.0,0.00470595305541871,2002581.0,2002581.0,SPA,SWPP
3675,SRP,AZPS,SRP-AZPS,-5942569.0,SRP,AZPS,AZPS-SRP,5932813.0,5942569.0,5932813.0,keep,9756.0,0.001643064043660214,5937691.0,5937691.0,AZPS,SRP
3679,SRP,CISO,SRP-CISO,10960924.0,SRP,CISO,CISO-SRP,-10960924.0,10960924.0,10960924.0,keep,0.0,0.0,10960924.0,10960924.0,SRP,CISO
3682,SRP,DEAA,SRP-DEAA,-1881234.0,SRP,DEAA,DEAA-SRP,1881234.0,1881234.0,1881234.0,keep,0.0,0.0,1881234.0,1881234.0,DEAA,SRP
3698,SRP,HGMA,SRP-HGMA,-3357397.0,SRP,HGMA,HGMA-SRP,3357398.0,3357397.0,3357398.0,keep,-1.0,2.978497482541975e-07,3357397.5,3357397.5,HGMA,SRP
3712,SRP,PACE,SRP-PACE,169413.0,SRP,PACE,PACE-SRP,-168882.0,169413.0,168882.0,keep,531.0,0.0031392796716370186,169147.5,169147.5,SRP,PACE
3730,SRP,TEPC,SRP-TEPC,2707556.0,SRP,TEPC,TEPC-SRP,-2553968.0,2707556.0,2553968.0,keep,153588.0,0.05843135343140726,2630762.0,2630762.0,SRP,TEPC
3735,SRP,WALC,SRP-WALC,-2296608.0,SRP,WALC,WALC-SRP,2296577.0,2296608.0,2296577.0,keep,31.0,1.3498258834065968e-05,2296592.5,2296592.5,WALC,SRP
3741,SWPP,AECI,SWPP-AECI,1384046.0,SWPP,AECI,AECI-SWPP,-1396477.0,1384046.0,1396477.0,keep,-12431.0,0.00894166203262009,1390261.5,1390261.5,SWPP,AECI
3754,SWPP,EPE,SWPP-EPE,85620.0,SWPP,EPE,EPE-SWPP,-85626.0,85620.0,85626.0,keep,-6.0,7.007462956637456e-05,85623.0,85623.0,SWPP,EPE
3755,SWPP,ERCO,SWPP-ERCO,-94644.0,SWPP,ERCO,ERCO-SWPP,98336.0,94644.0,98336.0,keep,-3692.0,0.03827704240693536,96490.0,96490.0,ERCO,SWPP
3774,SWPP,MISO,SWPP-MISO,3790228.0,SWPP,MISO,MISO-SWPP,-3738027.0,3790228.0,3738027.0,keep,52201.0,0.013868688021598796,3764127.5,3764127.5,SWPP,MISO
3784,SWPP,PNM,SWPP-PNM,11548.0,SWPP,PNM,PNM-SWPP,-11540.0,11548.0,11540.0,keep,8.0,0.0006930007762041557,11544.0,11544.0,SWPP,PNM
3785,SWPP,PSCO,SWPP-PSCO,23987.0,SWPP,PSCO,PSCO-SWPP,-23953.0,23987.0,23953.0,keep,34.0,0.0014184404297774011,23970.0,23970.0,SWPP,PSCO
3793,SWPP,SPA,SWPP-SPA,-1997869.0,SWPP,SPA,SPA-SWPP,2007293.0,1997869.0,2007293.0,keep,-9424.0,0.00470595305541871,2002581.0,2002581.0,SPA,SWPP
3802,SWPP,WACM,SWPP-WACM,-31733.0,SWPP,WACM,WACM-SWPP,29885.0,31733.0,29885.0,keep,1848.0,0.06003647391682926,30809.0,30809.0,WACM,SWPP
3805,SWPP,WAUW,SWPP-WAUW,-444012.0,SWPP,WAUW,WAUW-SWPP,442362.0,444012.0,442362.0,keep,1650.0,0.0037230462934903508,443187.0,443187.0,WAUW,SWPP
3825,TAL,FPC,TAL-FPC,846461.0,TAL,FPC,FPC-TAL,-846015.0,846461.0,846015.0,keep,446.0,0.0005270385293159596,846238.0,846238.0,TAL,FPC
3860,TAL,SOCO,TAL-SOCO,-1041596.0,TAL,SOCO,SOCO-TAL,1017231.0,1041596.0,1017231.0,keep,24365.0,0.02367213260256501,1029413.5,1029413.5,SOCO,TAL
3892,TEC,FMPP,TEC-FMPP,1397560.0,TEC,FMPP,FMPP-TEC,-1356972.0,1397560.0,1356972.0,keep,40588.0,0.029476378838123762,1377266.0,1377266.0,TEC,FMPP
3893,TEC,FPC,TEC-FPC,-1181247.0,TEC,FPC,FPC-TEC,1177687.0,1181247.0,1177687.0,keep,3560.0,0.003018319383336465,1179467.0,1179467.0,FPC,TEC
3894,TEC,FPL,TEC-FPL,1750516.0,TEC,FPL,FPL-TEC,-1720510.0,1750516.0,1720510.0,keep,30006.0,0.017290704560746162,1735513.0,1735513.0,TEC,FPL
3926,TEC,SEC,TEC-SEC,-767068.0,TEC,SEC,SEC-TEC,766859.0,767068.0,766859.0,keep,209.0,0.00027250319458488326,766963.5,766963.5,SEC,TEC
3947,TEPC,AZPS,TEPC-AZPS,-2807864.0,TEPC,AZPS,AZPS-TEPC,2927763.0,2807864.0,2927763.0,keep,-119899.0,0.04182678451963212,2867813.5,2867813.5,AZPS,TEPC
3958,TEPC,EPE,TEPC-EPE,2556811.0,TEPC,EPE,EPE-TEPC,-2663289.0,2556811.0,2663289.0,keep,-106478.0,0.04081236769610325,2610050.0,2610050.0,TEPC,EPE
3988,TEPC,PNM,TEPC-PNM,-1080363.0,TEPC,PNM,PNM-TEPC,1392374.0,1080363.0,1392374.0,keep,-312011.0,0.2564438154653925,1236368.5,1392374.0,PNM,TEPC
3998,TEPC,SRP,TEPC-SRP,-2553968.0,TEPC,SRP,SRP-TEPC,2707556.0,2553968.0,2707556.0,keep,-153588.0,0.05843135343140726,2630762.0,2630762.0,SRP,TEPC
4007,TEPC,WALC,TEPC-WALC,-1470768.0,TEPC,WALC,WALC-TEPC,1529643.0,1470768.0,1529643.0,keep,-58875.0,0.039259739865159904,1500205.5,1500205.5,WALC,TEPC
4016,TIDC,BANC,TIDC-BANC,-157879.0,TIDC,BANC,BANC-TIDC,156413.0,157879.0,156413.0,keep,1466.0,0.009329107305455497,157146.0,157146.0,BANC,TIDC
4019,TIDC,CISO,TIDC-CISO,-896640.0,TIDC,CISO,CISO-TIDC,898431.0,896640.0,898431.0,keep,-1791.0,0.0019954662326865935,897535.5,897535.5,CISO,TIDC
4085,TPWR,BPAT,TPWR-BPAT,-2062607.0,TPWR,BPAT,BPAT-TPWR,2048182.0,2062607.0,2048182.0,keep,14425.0,0.007018203865158501,2055394.5,2055394.5,BPAT,TPWR
4126,TPWR,PSEI,TPWR-PSEI,413158.0,TPWR,PSEI,PSEI-TPWR,-416499.0,413158.0,416499.0,keep,-3341.0,0.008054061329050677,414828.5,414828.5,TPWR,PSEI
4149,TVA,AECI,TVA-AECI,-1615023.0,TVA,AECI,AECI-TVA,1617800.0,1615023.0,1617800.0,keep,-2777.0,0.001718004387561256,1616411.5,1616411.5,AECI,TVA
4157,TVA,CPLW,TVA-CPLW,331417.0,TVA,CPLW,CPLW-TVA,-331432.0,331417.0,331432.0,keep,-15.0,4.525917669839785e-05,331424.5,331424.5,TVA,CPLW
4160,TVA,DUK,TVA-DUK,921395.0,TVA,DUK,DUK-TVA,-921325.0,921395.0,921325.0,keep,70.0,7.597464628483763e-05,921360.0,921360.0,TVA,DUK
4161,TVA,EEI,TVA-EEI,445063.0,TVA,EEI,EEI-TVA,-446490.0,445063.0,446490.0,keep,-1427.0,0.003201163937014695,445776.5,445776.5,TVA,EEI
4181,TVA,LGEE,TVA-LGEE,1953606.0,TVA,LGEE,LGEE-TVA,-1598830.0,1953606.0,1598830.0,keep,354776.0,0.20174892561644536,1776218.0,1953606.0,TVA,LGEE
4182,TVA,MISO,TVA-MISO,-11220607.0,TVA,MISO,MISO-TVA,10218886.0,11220607.0,10218886.0,keep,1001721.0,0.09365077762722385,10719746.5,10719746.5,MISO,TVA
4191,TVA,PJM,TVA-PJM,5865517.0,TVA,PJM,PJM-TVA,-6669375.0,5865517.0,6669375.0,keep,-803858.0,0.12878892077603465,6267446.0,6267446.0,TVA,PJM
4200,TVA,SOCO,TVA-SOCO,3963310.0,TVA,SOCO,SOCO-TVA,-3766216.0,3963310.0,3766216.0,keep,197094.0,0.05103087360294789,3864763.0,3864763.0,TVA,SOCO
4219,WACM,AZPS,WACM-AZPS,2485776.0,WACM,AZPS,AZPS-WACM,-2483342.0,2485776.0,2483342.0,keep,2434.0,0.0009796509497206896,2484559.0,2484559.0,WACM,AZPS
4256,WACM,PACE,WACM-PACE,2294130.0,WACM,PACE,PACE-WACM,-2780278.0,2294130.0,2780278.0,keep,-486148.0,0.1933827106603842,2537204.0,2537204.0,WACM,PACE
4260,WACM,PNM,WACM-PNM,-1965122.0,WACM,PNM,PNM-WACM,1964811.0,1965122.0,1964811.0,keep,311.0,0.00015827241937593772,1964966.5,1964966.5,PNM,WACM
4261,WACM,PSCO,WACM-PSCO,6249495.0,WACM,PSCO,PSCO-WACM,-6163487.0,6249495.0,6163487.0,keep,86008.0,0.01385841522735054,6206491.0,6206491.0,WACM,PSCO
4271,WACM,SWPP,WACM-SWPP,29885.0,WACM,SWPP,SWPP-WACM,-31733.0,29885.0,31733.0,keep,-1848.0,0.06003647391682926,30809.0,30809.0,WACM,SWPP
4279,WACM,WALC,WACM-WALC,3504443.0,WACM,WALC,WALC-WACM,-3504455.0,3504443.0,3504455.0,keep,-12.0,3.424218757375197e-06,3504449.0,3504449.0,WACM,WALC
4281,WACM,WAUW,WACM-WAUW,-257676.0,WACM,WAUW,WAUW-WACM,252873.0,257676.0,252873.0,keep,4803.0,0.01881670558561882,255274.5,255274.5,WAUW,WACM
4287,WALC,AZPS,WALC-AZPS,-6619102.0,WALC,AZPS,AZPS-WALC,6612865.0,6619102.0,6612865.0,keep,6237.0,0.0009427171917417154,6615983.5,6615983.5,AZPS,WALC
4291,WALC,CISO,WALC-CISO,1712785.0,WALC,CISO,CISO-WALC,-1712855.0,1712785.0,1712855.0,keep,-70.0,4.0868275726080316e-05,1712820.0,1712820.0,WALC,CISO
4305,WALC,GRIF,WALC-GRIF,-2075863.0,WALC,GRIF,GRIF-WALC,2075861.0,2075863.0,2075861.0,keep,2.0,9.634551815240755e-07,2075862.0,2075862.0,GRIF,WALC
4312,WALC,IID,WALC-IID,-221625.0,WALC,IID,IID-WALC,215566.0,221625.0,215566.0,keep,6059.0,0.027723187236429914,218595.5,218595.5,IID,WALC
4316,WALC,LDWP,WALC-LDWP,8982695.0,WALC,LDWP,LDWP-WALC,-55514.0,8982695.0,55514.0,keep,8927181.0,80.90168171668786,4519104.5,8982695.0,WALC,LDWP
4319,WALC,NEVP,WALC-NEVP,-3673811.0,WALC,NEVP,NEVP-WALC,3672669.0,3673811.0,3672669.0,keep,1142.0,0.00031089719909277447,3673240.0,3673240.0,NEVP,WALC
4338,WALC,SRP,WALC-SRP,2296577.0,WALC,SRP,SRP-WALC,-2296608.0,2296577.0,2296608.0,keep,-31.0,1.3498258834065968e-05,2296592.5,2296592.5,WALC,SRP
4342,WALC,TEPC,WALC-TEPC,1529643.0,WALC,TEPC,TEPC-WALC,-1470768.0,1529643.0,1470768.0,keep,58875.0,0.039259739865159904,1500205.5,1500205.5,WALC,TEPC
4346,WALC,WACM,WALC-WACM,-3504455.0,WALC,WACM,WACM-WALC,3504443.0,3504455.0,3504443.0,keep,12.0,3.424218757375197e-06,3504449.0,3504449.0,WACM,WALC
4457,WAUW,NWMT,WAUW-NWMT,-1009410.0,WAUW,NWMT,NWMT-WAUW,1024194.0,1009410.0,1024194.0,keep,-14784.0,0.014540472369985014,1016802.0,1016802.0,NWMT,WAUW
4475,WAUW,SWPP,WAUW-SWPP,442362.0,WAUW,SWPP,SWPP-WAUW,-444012.0,442362.0,444012.0,keep,-1650.0,0.0037230462934903508,443187.0,443187.0,WAUW,SWPP
4482,WAUW,WACM,WAUW-WACM,252873.0,WAUW,WACM,WACM-WAUW,-257676.0,252873.0,257676.0,keep,-4803.0,0.01881670558561882,255274.5,255274.5,WAUW,WACM
4525,WWA,NWMT,WWA-NWMT,652062.0,WWA,NWMT,NWMT-WWA,-654564.0,652062.0,654564.0,keep,-2502.0,0.0038297250690650375,653313.0,653313.0,WWA,NWMT
4564,YAD,CPLE,YAD-CPLE,6501.0,YAD,CPLE,CPLE-YAD,-14057.0,6501.0,14057.0,keep,-7556.0,0.8499042567991002,10279.0,6501.0,YAD,CPLE
4568,YAD,DUK,YAD-DUK,664570.0,YAD,DUK,DUK-YAD,-707659.0,664570.0,707659.0,keep,-43089.0,0.06286345493906909,686114.5,686114.5,YAD,DUK
